,danceability,energy,loudness,speechiness,acousticness,instrumentalness,liveness,valence,tempo,mode
0,0.33632523568726613,0.9864688889776352,0.9008713706562084,-0.3520201632468834,0.1902811687060256,-0.7982501269355707,0.6895885661443106,1.7706574746914676,-0.8743785206743261,1.0546162770997052
1,-1.1728784757200026,-1.8764435378384696,-1.7774770930687982,-0.5824840047785937,2.094429273319246,1.3880808548665038,-0.041411190099763386,-1.4550165236879145,-1.7245474586457654,-0.9462367387416326
2,0.16245384036384794,-0.17432211448776438,-0.47575567756155623,-0.6923740484228529,-0.029957648213093956,1.326885840108685,1.7116944200077064,1.2209874286075233,0.6485954293104944,-0.9462367387416326
3,0.21113783105440503,0.8525314655008582,0.8243920901996659,-0.5076977250762507,-0.6984375172668513,1.2879435579900729,1.058322956462118,0.4045657425122532,0.22637098540890468,-0.9462367387416326
4,-0.6025802990591913,1.2878280918003826,0.16849570965878308,0.2187975634607964,-0.47731774508005537,0.5369138314168411,-0.5459950926399207,-0.6381906684411119,0.4794514272979363,-0.9462367387416326
5,-1.2076527547846863,-1.5471807051247266,-1.446381607306318,-0.4252801923430562,1.7044230350249723,-0.3086900088730198,-0.591278263380704,-1.288903002408134,-0.1061545977059648,1.0546162770997052
6,-2.7238113220048916,0.8302085615880621,0.14111423887804544,-0.18565884717432427,-0.6724585134877669,-0.7964087133096764,-0.46189777554989453,-0.9494009151209921,0.5700824444083721,1.0546162770997052
7,-1.138104196655319,-1.022592463174017,0.6336659833821155,-0.6053777638711477,-0.64708516645521,1.1015769221367155,-0.5654021658145422,-1.5475712593888138,-1.587944186479311,-0.9462367387416326
8,1.6507929843323061,-0.6989103564384734,0.6893731135912019,0.6919352513735791,-0.629649593449113,-0.7973433280805231,-0.5718711902060827,0.19843947523077393,-0.8271775141006811,1.0546162770997052
9,-2.195242280221701,-2.0103809613152466,-0.675608941306019,-0.37033517052092657,3.4433920269488536,1.4520574612042239,-0.5783402145976231,-1.6991346912134309,2.0872516027409587,-0.9462367387416326
10,-0.1018306805277477,-0.5426500290489004,0.22703540581070447,-0.658796535087107,-0.016192722155648976,1.9138016634677661,1.0906680784198204,1.1361119067857377,0.1406126036269862,1.0546162770997052
11,-0.6721288571885586,-0.2636137301389484,-0.7291129646706783,-0.7534240726696635,-0.6797998073850708,1.6328609138977794,-0.6365614341214874,-0.007686792050705148,0.9457838136081101,1.0546162770997052
12,-0.22006322934767208,0.06006837659659526,-0.49810147555503154,-0.2802863847568809,-0.6264377773690425,-0.7959247163747737,0.32732320021804384,-0.22189644236283046,-0.661338429963118,1.0546162770997052
13,0.5449709100753672,0.9027579993046496,0.7841067079015693,0.2508488261903721,-0.6971711440695664,-0.5061830110459807,-0.48130484872451595,0.08527211280172646,0.2253540876012139,1.0546162770997052
14,0.6145194682047345,0.5288493587653139,-0.10909575273903799,-0.5977465108402964,-0.5823900139852186,1.2573460506111633,0.935411493022849,1.4998641431648183,-0.620916742107411,-0.9462367387416326
15,-1.4371629966115982,-2.74145606445932,-3.6312341378796424,-0.4283326935553967,3.195623357914844,1.1905878526935427,1.1747653955098465,-0.9655676811822846,0.5866494045253332,-0.9462367387416326
16,-0.29656664328997606,0.9362423551738438,0.5688316962461164,0.15011628618313455,-0.6988779949006897,1.513252475962042,0.09443832212258661,-1.3535700666533041,-0.53651422406908,-0.9462367387416326
17,1.6507929843323061,0.5623337146345082,0.6424784107598239,-0.04371754080048941,-0.5530248383960027,-0.7982368865596504,-0.7879366048835347,1.3099046419446319,-0.1966585025904398,-0.9462367387416326
18,0.8927137007222036,-0.3863897016593273,0.20594852601404456,-0.6450602796315746,0.5114627767130749,-0.7982462883391905,0.7801549076258774,1.8070326983293756,0.782953052151632,1.0546162770997052
19,1.4073730308795207,-0.14083775861857015,-0.3190203620580249,-0.6740590411488098,0.7500548283754543,-0.7189747669083962,-0.765941921952297,1.5968647395325732,0.05298990919763484,1.0546162770997052
20,0.5658354775141774,0.8357892875662611,0.29816428393078104,-0.36270391749007524,-0.62873193171195,-0.7982328810677753,-0.5524641170314611,0.3156485291751445,-0.8770055066775271,-0.9462367387416326
21,-0.8251356850731666,-2.0327038652280427,-1.9244557925470092,0.24932257558420176,1.4750076007342225,-0.7851488305942378,-0.630739312169101,-1.1919024060403791,1.5753706687946352,1.0546162770997052
22,-0.9225036664542808,0.8915965473482514,1.2986895208499107,-0.15971258686942985,1.0941779798115785,-0.7982501269355707,0.9677566149805514,0.4611494237267765,1.5851159394516723,-0.9462367387416326
23,-1.1937430431588127,1.332473899625975,0.7564105075716281,-0.41612268870603464,-0.6986118729969124,-0.1696104298779768,-0.6385021414389496,-1.2606111618008722,-0.45342519903234985,-0.9462367387416326
24,0.14158927292503776,0.7911434797406688,1.0790082955056037,2.645536027271521,-0.6945741613533951,-0.7981274587468972,-0.17726070232211338,-0.27443843206203106,0.2212864963704508,1.0546162770997052
25,0.9900816821033177,0.545591536699911,0.8168385810187728,-0.6206402699328504,-0.5901901387511042,-0.7982432007725367,-0.2160748486713563,-0.10872907993378324,0.09964009612544715,1.0546162770997052
26,-2.243926270912258,-2.1275762068574258,-2.2892273400743046,-0.5321177347749748,2.9295014541375743,1.7941932255320294,-0.2160748486713563,-1.6781178953337506,-0.17759166869623905,1.0546162770997052
27,0.016401868292176665,-0.8886550396972401,0.323657377416295,-0.715267807515407,-0.020781030841463967,-0.7982081249027143,-0.5395260682483802,-0.9211090745137303,-1.215717218122515,-0.9462367387416326
28,0.16245384036384794,0.10471418442218756,-0.8188108861937838,-0.5275389829564642,2.8515002064787196,-0.4644591373474678,1.3364910052983587,-0.06022878174990575,0.18226304300031929,-0.9462367387416326
29,0.5380160542624305,-0.15757993655316727,-0.1528431600783769,-0.5580639950798694,-0.6733302921380717,-0.7498504334452958,-0.26782704380368016,-0.8928172339064685,-0.11229835529409614,1.0546162770997052
30,-0.6303997223109382,-0.25803300416074937,-0.4427090748951494,0.7987727938054979,-0.6688337496259731,-0.6244006531917672,-0.468366799941435,-0.2461465914547692,-0.5377429755867068,1.0546162770997052
31,-2.1048291546535234,1.47757277505915,0.839499108561452,-0.3016538932432646,-0.6997951978069841,-0.7982501269355707,1.3623671028645206,-0.3956891775217248,2.0117893112619085,1.0546162770997052
32,1.2821856262466602,-0.3863897016593273,-0.7876526608226003,-0.19634260141751625,0.5848757156861147,-0.09172586564075277,1.0777300296367394,1.4392387704349714,-0.1132728823598002,1.0546162770997052
33,0.2528669659320254,-0.2189679223133561,-0.0074381083461850855,-0.5870627565971046,0.9381754844938688,-0.22802385305589487,0.029748078207181942,-0.09660400538781386,-1.3843951419732157,-0.9462367387416326
34,0.6492937472694181,0.3502661274629453,1.1416394757971755,-0.7045840532722151,-0.6955101763253014,-0.7870124969527713,-0.5654021658145422,1.0310279273873364,-0.536726077779016,-0.9462367387416326
35,0.3780543705648865,-1.0951419008906047,-0.41595706321281944,-0.6343765253883829,1.0574715103250587,-0.7967313779329449,-0.5201189950737588,0.09335549583237271,-1.2568168378500155,-0.9462367387416326
36,0.3224155240613927,0.4116541132231347,0.09579318379268717,-0.6618490362994476,0.18569286002021063,-0.7573607307110282,-0.5589331414230017,-0.7028577326862819,-0.5371074144569,-0.9462367387416326
37,0.18331840780265812,0.03216474670560006,-0.4685168979298671,-0.023876282920276003,0.6995834328314894,-0.6919933285833579,-0.6223295804600983,1.0148611613260439,-1.4261303228305229,-0.9462367387416326
38,-0.26179236422529245,-0.5538114810052984,0.5842534441571066,-0.6557440338747665,1.2318272403860282,-0.6566671155186171,-0.5783402145976231,-1.2323193211936103,-1.6822614581426263,1.0546162770997052
39,-0.5747608758074444,1.0422761487596255,0.5253990184559811,-0.4741202117405047,-0.6429556886379765,0.5424770145766429,0.8513141759328228,-1.1029851927032708,-0.36707362686261197,-0.9462367387416326
40,-0.5747608758074444,0.5232686327871149,-1.192394861098788,-0.7106890556968961,-0.6742020707883766,1.8331355076506408,-0.0737563120574658,1.2411958861841388,0.7349046307382455,1.0546162770997052
41,-0.004462699146633518,0.9362423551738438,0.9181814958624217,-0.2970751414247538,-0.4901650094003374,-0.7977550036343484,-0.30664119015292307,0.4207325085735457,-0.32466051413351077,-0.9462367387416326
42,0.13463441711210103,-0.6096187407872888,-0.8644466708283466,-0.7320565641832798,-0.6691549312339801,1.6662400128565897,0.8254380783666608,-1.2727362363468417,-0.45287437938651776,1.0546162770997052
43,-1.0407362152742052,1.1873750241928005,1.4075859448744528,-0.3199689005173078,-0.6908117482310269,-0.7979967239426418,-0.7103083121850489,-0.2299798253934767,2.2126689990228146,1.0546162770997052
44,0.5519257658883039,0.9864688889776352,-1.072797632401314,-0.1688700905064513,-0.4043636369755971,1.4687470106836285,-0.643677360952182,-0.08043723932652137,-0.9611961710059226,-0.9462367387416326
45,-0.26179236422529245,-0.42545478350672056,-0.7168385122517272,3.2255112576162217,-0.14925367404428366,-0.7847037759414537,-0.041411190099763386,-0.8524003187532373,-1.390157562883463,-0.9462367387416326
46,0.1763635519897214,-0.029223239054589373,-0.7215594554897856,-0.7412140678203015,-0.5443070518929543,1.326885840108685,-0.5983941902113986,-1.2363610127089335,-0.5364718533270934,1.0546162770997052
47,0.628429179830608,-1.46905054142994,-0.806851163324037,-0.56111649629221,1.406182970446998,1.735779802354111,-0.5330570438568397,-1.4994751303564688,0.3114938060610158,-0.9462367387416326
48,-1.158968764094129,1.2878280918003826,1.3581734056494439,0.029542488295683386,-0.6976391515555195,-0.7929929188495581,-0.332517287719085,-0.7553997223854823,0.22679469282877543,1.0546162770997052
49,-1.3606595826692942,1.4887342270155481,2.4395841367139703,1.7603106756927662,-0.2364315390747684,-0.7981441482963766,1.1165441759859822,-0.019811866596674516,0.12489305834976716,-0.9462367387416326
50,0.8023005751540261,-0.13525703264037112,-0.23309919512536617,-0.4084914356751833,-0.6962718355671467,1.207277402172948,-0.5977472877722445,-1.3454866836226578,-0.02946355470928863,1.0546162770997052
51,0.2737315333708356,1.1315677644108102,0.8728604407770632,-0.6389552772068936,-0.6893893725384241,-0.7744397030116194,-0.6507932877828764,0.5824001691864702,0.09930113018955043,-0.9462367387416326
52,-1.1172396292165088,0.9139194512610477,-0.06943982953934918,0.12722252709058052,-0.6997947389761154,1.6801479707560938,0.46317271244039404,-0.714982807232251,-0.8805222782624574,1.0546162770997052
53,0.3085058124355192,1.1259870384326112,0.982386323900013,-0.48480396598369657,-0.47410592899998494,-0.7838692984674833,-0.6773162877881924,1.313946333459955,-0.11361184829569693,1.0546162770997052
54,-1.4093435733598514,1.4161847892989605,0.9103132571323248,1.3482230120267942,-0.6954642932384432,0.993094850520582,-0.48130484872451595,-1.48047918023445,0.5617354082369105,1.0546162770997052
55,-0.011417554959570246,-0.8495899578498475,-1.6679512099458482,-0.6191140193266801,-0.49383565634898935,1.3574833474875945,-0.35192436089370627,0.3196902206904676,0.0561677148466685,1.0546162770997052
56,-2.362158819732182,0.015422568771002941,-0.45183623182206184,-0.3016538932432646,-0.6786986133004752,1.6300793223178782,-0.19019875110519435,-1.6918596464858493,-0.270722559583915,1.0546162770997052
57,-0.10878553634068443,1.2264401060401933,0.6689156928929499,-0.2711288811198592,-0.6466263355866285,-0.6875427820555167,-0.820281726841237,-0.21785475084750733,2.2179653417712037,-0.9462367387416326
58,-0.324386066541723,-0.4031318795939244,-0.25135350897919106,-0.28639138718156193,-0.6922800070104875,1.443712686464521,-0.2484199706290587,-0.8928172339064685,1.6230377535301383,1.0546162770997052
59,-1.082465350151825,1.3938618853861644,0.920069873157645,0.5698352028799579,-0.6949412260482604,1.8915489308285591,-0.8675056048994826,-1.5964757267242236,-0.8332365302048383,1.0546162770997052
60,-1.3119755919787373,1.321312447669577,1.7245186009227587,1.0429728907927405,-0.6977951540508373,1.0236923578994914,0.974225639372092,-1.4303622054444434,2.175636970526077,-0.9462367387416326
61,0.36414465893901304,0.7688205758278727,0.7806446828603266,-0.4863302165898669,-0.6012020795970602,-0.7982501269355707,0.3984824685249892,1.051236384963952,1.1567053672199632,-0.9462367387416326
62,0.39196408219075995,0.7911434797406688,1.225986994983815,0.14706378497079392,-0.6836539866811554,-0.7980796153717229,-0.4230836292006516,-0.476523007828187,-0.5349041358735699,-0.9462367387416326
63,-0.4495734711745833,0.4786228249615232,1.0412407496011382,-0.08187380595474612,-0.5388010814699763,-0.7947731374606948,-0.455428751158354,-0.6907326581403126,-1.804755273227372,-0.9462367387416326
64,-0.5121671734910138,-1.0783997229560076,-1.1099357192073718,-0.39933393203816164,1.6080685526228573,1.621734547578176,-0.7840551902486104,-0.3754807199451092,-1.1720753538757878,1.0546162770997052
65,1.4004181750665838,0.456299921048727,0.08257454272612405,-0.47717271295284525,-0.6644748563744488,1.3936440380263055,-0.5589331414230017,-1.687413785818994,-0.5376158633607454,-0.9462367387416326
66,0.9205331239739505,-1.7592482922962898,-1.5480392516991706,-0.48480396598369657,-0.3956458504725486,1.738561393934012,-0.591278263380704,-1.046401511488747,-0.11339999458576154,-0.9462367387416326
67,-1.24242703384937,0.14377926626958085,-0.6523189546649321,-0.3550726644592239,0.6445237286017095,0.027882572294984077,-0.5459950926399207,-0.39164748600640165,-0.7504017296200308,-0.9462367387416326
68,1.4351924541312675,0.540010810721712,0.6446815176042513,-0.034560037163467755,-0.18596014353080353,0.4812819998188241,-0.7769392634179157,0.20248116674609704,0.2256506827951239,1.0546162770997052
69,0.25982182174496216,0.8078856576752659,0.5682022371477087,1.1345479271629566,1.5208906875923724,-0.7978467961564851,-0.48130484872451595,0.7844847449526263,-0.7504017296200308,1.0546162770997052
70,-2.2021971360346377,-3.433466085756,-3.4389343833160724,-0.45580520446646156,3.7966917957566073,1.758032534993318,-0.6695534585183438,-1.6013257565426113,-1.9756364756614022,1.0546162770997052
71,-0.08792096890187424,-0.0013196091635941764,-0.9598097242371215,-0.49701397083305876,1.6080685526228573,0.9986580336803836,-0.7161304341374354,0.5581500200945314,0.10023328651326657,-0.9462367387416326
72,-0.8320905408861033,-0.631941644700085,-0.0722723954821842,0.15774753921398568,-0.6783315486056101,1.560539532820357,-0.14491558036441096,-1.3980286733218585,0.9447669158004206,-0.9462367387416326
73,0.8023005751540261,-0.17432211448776438,0.007668910015601098,-0.5595902456860397,0.6949951241456744,1.6495504633771847,0.2691019806941797,1.3099046419446319,0.30975660563954427,-0.9462367387416326
74,0.2806863891837723,-0.8216863279588523,0.23584783318841293,-0.6893215472105124,-0.3277388819224867,-0.7814493137929697,-0.46189777554989453,-1.2686945448315186,-0.5814272105754208,-0.9462367387416326
75,-0.5399865967427607,0.2888781417027559,-0.22397203819845343,0.615622721065066,-0.6461675047180471,0.1780885176096304,0.9224734442397681,0.9865693207187821,0.3195866177805547,-0.9462367387416326
76,-0.8529551083249135,-0.09619195079297785,0.15181504355097752,-0.34744141142837254,-0.5878959844081966,1.1238296547759221,-0.5201189950737588,-1.381861907260566,2.68281475211183,1.0546162770997052
77,-0.2757020758511659,-0.12409558068397304,0.20594852601404456,-0.09561006141027849,-0.30066786067617834,0.7928202567677199,2.4103490542940778,1.4634889195269103,-0.18365068480039637,1.0546162770997052
78,1.3656438960019002,-0.07944977285838073,0.024979035221814327,-0.344388910216032,-0.5108123984865048,-0.7376114304937321,-0.9063197512487253,1.382655089220448,0.22463378498743314,1.0546162770997052
79,0.09986013804741739,0.5567529886563092,0.5845681737063105,-0.17344884232496222,-0.6186376526031571,-0.7982501269355707,0.773685883234337,1.0674031510252446,-0.9173424530492593,-0.9462367387416326
80,0.6145194682047345,-0.7044910824166725,-0.7158943236041155,-0.5122764768947614,-0.6447910121123025,-0.7803923089926074,-0.40367655602603014,1.4513638449809407,-0.28207791843646157,-0.9462367387416326
81,0.6492937472694181,0.8692736434354553,0.33404345254002316,1.5161105787055231,-0.6762668096969933,-0.7982501269355707,1.207110517467549,0.5541083285792083,-0.10937477409698577,1.0546162770997052
82,0.41978350544250687,0.2888781417027559,0.14740882986212317,-0.5061714744700803,-0.682919857291425,-0.7982020054012385,1.0971371028113608,0.04485519764849546,0.01608499292685888,1.0546162770997052
83,-1.235472178036433,-0.39755115361572535,0.023720117024998953,3.4239238364183566,0.1352214644762457,-0.798218694950718,1.006570761329794,0.9663608631421665,-1.5533272902758386,-0.9462367387416326
84,0.36414465893901304,1.0366954227814265,1.3468431418781044,1.0887604089778484,2.0256046430320214,-0.7982501269355707,-0.2484199706290587,0.25098146492997453,1.2501328533015499,1.0546162770997052
85,0.9483525472256974,0.9585652590866399,0.3135860318417709,-0.5870627565971046,-0.5947784474369191,-0.5565298186421862,0.6831195417527701,2.057617572279409,-0.10242597241109905,-0.9462367387416326
86,0.002492156666303209,-0.18548356644416186,-0.07762279781864996,1.7603106756927662,1.3924180443895529,-0.7956994074568017,-0.6080977267987093,0.00039659097994109913,-0.5372345266828614,-0.9462367387416326
87,0.7675262960893425,-0.4477776874195167,0.01868444423773689,-0.6633752869056179,-0.4360229669077205,-0.7732992504638602,-0.30017216576138256,-0.41185594358301725,0.14294299443627775,1.0546162770997052
88,0.9622622588515708,0.9585652590866399,1.0793230250548076,-0.544327739624337,-0.4915415020060819,-0.7203655626983467,1.0906680784198204,2.0495341892487624,0.098114749413911,1.0546162770997052
89,1.34477932856309,1.1594713943018053,0.8590123406120926,2.2029233514821436,-0.4809883920287074,-0.6416465209871524,-0.5848092389891636,-0.056187090234582626,0.22658283911884006,-0.9462367387416326
90,-1.6040795361220794,0.7967242057188678,-0.41627179276202314,-0.2512876232396457,-0.690857631317885,1.443712686464521,-0.30664119015292307,-0.7553997223854823,0.30975660563954427,1.0546162770997052
91,0.8440297100316465,-1.5639228830593237,-2.032722757473144,-0.6771115423611502,1.4841842181058524,-0.4894934615665755,-0.3454553365021658,-1.3737785242299196,0.11362244098119466,-0.9462367387416326
92,-0.3800249130452168,0.3670083053975424,0.8785255726627329,-0.45733145507263184,-0.46814112770842536,-0.7982470115530013,-0.6883136292538112,-0.6220239023798194,0.2266675806028147,-0.9462367387416326
93,1.3517341843760269,0.7744013018060717,0.8275393856917046,-0.5473802408366776,-0.4052812987127601,-0.08616268248095106,0.41142051730807017,1.1967372795155844,-0.13034829138060672,-0.9462367387416326
94,0.4267383612554436,1.1483099423454073,-0.6136072201128552,-0.10171506383495953,-0.6981301005849018,1.4909997433228352,-0.7323029951162865,0.004438282495264223,-0.1560673317667848,1.0546162770997052
95,0.016401868292176665,1.2487630099529894,1.0047321218934884,-0.13987132898921623,-0.5626602866362143,-0.7670963012406812,0.5666771027050418,1.018902852841367,0.9027775104911901,-0.9462367387416326
96,-0.4078443362969637,-0.5259078511143033,0.38754747590468247,0.3393713613482476,0.2820473424223254,-0.7902947750170544,-0.672787970714114,0.7036509146461639,-0.33304992104695963,-0.9462367387416326
97,-0.018372410772506974,-0.6654260005692793,-0.7376106624991834,0.9513978544225248,-0.2896559198302223,0.7900386651878192,4.014667103396117,2.029325731672147,0.2045076825435537,1.0546162770997052
98,0.8857588449092668,-0.03480396503278841,-0.1525284305291732,-0.3245476523358186,0.01592543864505598,-0.7979833723030584,-0.916023287836036,1.815116081360022,-0.9247573328970048,1.0546162770997052
99,1.26132105880785,-2.261513630334203,-1.309474253402631,-0.21465760869155934,0.7684080631187142,-0.7982465664983486,-0.5201189950737588,0.4409409661501609,-0.3528794282969291,1.0546162770997052
100,0.8788039890963301,-0.39755115361572535,-1.1256721966675658,0.7529852756203899,-0.31122097065355275,-0.7981527712302742,-0.0349421657082229,1.41094692982771,-1.2147003203148243,-0.9462367387416326
101,-0.12269524796655788,1.098083408541616,-1.0334564387508292,-0.45580520446646156,0.002160512587610999,1.7802852676325247,0.1332524684718295,2.0414508062181165,-0.598206024402318,1.0546162770997052
102,0.5171514868236203,0.6125602484382995,-0.108781023189834,0.7835102877437953,-0.6786986133004752,-0.4728039120871704,-0.591278263380704,-0.16531276114830695,-0.11361184829569693,-0.9462367387416326
103,0.753616584463469,-0.8161056019806533,-0.6368972067539422,0.03412124011419411,1.0437065842676136,-0.7979163359459827,-0.5395260682483802,0.5662334031251777,-1.3840138052953317,-0.9462367387416326
104,1.0318108169809381,-1.6420530467541101,0.6327217947345039,0.24932257558420176,-0.5388010814699763,-0.7295448149120196,-0.9677754829683599,-0.048103707203936384,0.09917401796358909,1.0546162770997052
105,-0.49130260605220366,0.3893312093103386,0.7126631002322891,-0.26960263051368893,-0.6563076669136981,-0.7784451948866766,1.9833934444524064,-0.2623133575160617,0.09557250489468407,-0.9462367387416326
106,0.5171514868236203,0.5065264548525183,0.5716642621889514,-0.5946940096279558,1.2547687838151032,-0.7982501269355707,-0.36486240967678724,0.8936104158663507,-0.5773596193446577,-0.9462367387416326
107,0.10681499386035412,-0.3082595379645407,0.6050255944045625,-0.6099565156896585,0.8097028412910492,-0.7982458711004534,1.2265175906421704,-0.4280227096443098,-0.2819084354685129,1.0546162770997052
108,-0.637354578123875,-0.8663321357844447,0.8486262654883645,-0.721372809940088,-0.5929431239625932,-0.7952181921134789,0.37260637095882726,-1.6170883534523715,-1.173431217619376,1.0546162770997052
109,-0.5956254432462545,0.166102170182377,1.235743611009135,-0.606904014477318,-0.412622592610064,-0.7982501269355707,1.5758449077853562,-1.5010918069625978,0.22543882908518853,-0.9462367387416326
110,0.3780543705648865,-0.5203271251361042,0.08163035407851238,-0.6649015375117882,-0.6592900675594778,-0.7853435420048308,-0.48130484872451595,-1.0625682775500394,-0.02984489138717267,-0.9462367387416326
111,0.6423388914564814,0.7632398498496736,0.28683402015944126,1.165072939286362,-0.6996167125991058,1.6940559286555983,5.030303932867971,-1.0625682775500394,0.22641335615089198,-0.9462367387416326
112,-0.12269524796655788,-0.9444622994792305,-0.08549103654874704,-0.008613776858573322,-0.3727043070434736,-0.7982501269355707,0.4372966148742321,0.32373191220579073,0.14489204856768464,-0.9462367387416326
113,0.5449709100753672,-0.27477518209534646,-0.13836560081499868,0.5393101907565525,0.40593167693933,-0.7982181386324019,0.062093200164884364,0.2146062412920664,-0.15653340992864348,-0.9462367387416326
114,-0.8181808292602298,0.9139194512610477,0.22766486490911217,0.20964005982377476,-0.6594735999069105,0.442339717700212,0.24969490751955822,0.5541083285792083,4.122064115930114,1.0546162770997052
115,1.4004181750665838,0.8413700135444602,0.777812116917492,2.141873327235333,1.5484205397072623,-0.7981213392454214,-0.6080977267987093,0.3520237528130526,-0.28123050359671947,1.0546162770997052
116,1.956806640101522,1.0366954227814265,0.8734898998754709,-0.5244864817441235,-0.39518701960396707,-0.5200909689454849,0.5666771027050418,2.061659263794732,0.141714242918651,1.0546162770997052
117,0.3502349473131396,0.305620319637353,-0.45970447055215835,-0.5962202602341261,-0.6729632274432065,-0.500619827886179,-0.5589331414230017,-1.4384455884750897,-0.8760733503538108,1.0546162770997052
118,0.7605714402764058,0.7799820277842707,0.5722937212873591,-0.6511652820562557,1.4979491441632975,-0.6188374700319654,-0.5654021658145422,0.25502315644529766,0.09603858305654214,-0.9462367387416326
119,-0.19224380609592517,0.21074797800796932,0.2777068632325288,-0.6435340290254044,-0.6145081747859236,-0.7861223876472031,-0.6507932877828764,-0.706899424201605,-0.11289154568191616,-0.9462367387416326
120,0.3224155240613927,0.8078856576752659,0.951228098528829,-0.41917518991837516,-0.5791781979051482,-0.7880138699215355,-0.7193649463332056,1.28161280133737,-0.4117747596590174,1.0546162770997052
121,-0.2826569316641026,0.3670083053975424,0.899297722910189,-0.6404815278130639,-0.6943447459191043,-0.7629239138708299,-0.44249070237527305,-0.41185594358301725,-1.3009671510005882,-0.9462367387416326
122,0.2250475426802785,-0.5649729329616965,0.07565049264363892,-0.721372809940088,-0.5360480962584872,-0.797346109672103,0.7930929564089584,-0.9211090745137303,0.1844239508416622,1.0546162770997052
123,-0.35916034560640664,-1.7480868403398917,-0.5588442785513805,-0.5031189732577398,1.9934864822313163,-0.7982376654052928,-0.5848092389891636,-0.775608179962098,-0.12157754778927443,1.0546162770997052
124,-1.138104196655319,1.4385076932117566,1.4680140183215975,3.317086293986438,-0.6979098617679826,-0.7982501269355707,1.0712610052451987,0.364148827359022,1.1600526558369455,1.0546162770997052
125,-1.1102847734035721,-0.2636137301389484,0.24686336741054873,-0.04524379140665972,-0.11713551324357871,-0.7899331681116672,0.8383761271497417,0.1418557940162502,-0.3378378148915035,1.0546162770997052
126,0.447602928694253,0.7130133160458823,1.1362890734607096,-0.37949267415794824,-0.5163183689094828,-0.7982423106632311,2.6238268592149137,-0.015770175081351395,-1.2161409255423865,-0.9462367387416326
127,0.8996685565351403,0.305620319637353,-0.38951978107969376,-0.3855976765826293,0.5389926288279648,0.8401073136260346,-0.6792569951056545,1.887866528635838,1.2433959053255978,1.0546162770997052
128,0.8927137007222036,0.12703708833498373,0.02749687161544536,-0.6145352675081693,0.9565287192371288,-0.7966896540592464,-0.5996879950897067,-0.7190244987475742,-0.24119015241889655,-0.9462367387416326
129,1.2335016355561033,1.1817942982146015,0.6188736945695333,-0.3001276426370943,1.296063561987438,-0.7971041112046515,0.3596683221757463,1.887866528635838,0.0992163887055758,-0.9462367387416326
130,-1.0407362152742052,-0.4087126055721234,0.4734686428373412,-0.5397489878058261,-0.5071417515378528,-0.7982446750160741,0.3920134441334487,-1.2404027042242567,0.2698009959456966,-0.9462367387416326
131,-1.3815241501081044,-2.1164147549010277,-1.3721054336942027,-0.6206402699328504,0.47934461591236993,-0.7982501269355707,-0.48777387311605636,-1.3737785242299196,0.5209747544453074,1.0546162770997052
132,0.7466617286505323,0.04332619866199814,0.39038004184751746,-0.6114827662958288,-0.5644956101105402,-0.7982374428779665,-0.13844655597287048,0.5824001691864702,-0.07259697005217056,-0.9462367387416326
133,0.2041829752414683,-0.3138402639427398,0.37023735069846925,2.29449838785236,-0.6988734065920038,0.8985207368039527,-0.643677360952182,0.2792733055372364,0.2264557268928793,1.0546162770997052
134,0.19722811942853158,-1.7313446624052948,-1.8630835304522533,-0.44359519961709937,1.1033545971832086,1.738561393934012,-0.5718711902060827,-1.5314044933275213,-0.9592471168745151,-0.9462367387416326
135,0.36414465893901304,0.9864688889776352,0.15905382318266664,-0.4222276911307157,0.9198222497506088,-0.7576388898690183,1.006570761329794,0.9542357885961971,-0.707268314277149,1.0546162770997052
136,0.10681499386035412,-2.077349673053635,-1.722714151507323,-0.5122764768947614,1.1630026100988036,-0.7975046603921574,0.14619051725491047,-0.8483586272379141,-2.1059688780137646,-0.9462367387416326
137,0.8718491332833934,-1.474631267408139,-0.9953741632971597,-0.3947551802196509,-0.630567255186276,1.721871844454607,3.283667347152042,-1.074693352096009,-0.07119873556659576,-0.9462367387416326
138,0.9205331239739505,-0.1296763066621721,0.1939888031442971,-0.5168552287132723,0.06180852550320592,-0.7949956647870867,-0.5136499706822183,0.8491518091977963,0.011932660212121166,-0.9462367387416326
139,0.5449709100753672,-0.7714597941550609,-0.30643118008986975,-0.3321789053666699,1.699834726339157,1.2990699243096764,-0.7297153853596703,-0.6220239023798194,-1.3851578153289839,-0.9462367387416326
140,-0.24092779678648227,0.3893312093103386,0.5867712805507376,1.5008480726438205,0.2499291816216204,-0.7982501269355707,-0.3260482633275445,-0.4078142520676941,-1.2176662722539227,-0.9462367387416326
141,0.8996685565351403,-0.5761343849180947,-0.016250535723893834,-0.5641689975045505,0.6766418894024144,-0.7979413702702017,-0.5459950926399207,-0.6018154448032038,-0.4106307496253652,-0.9462367387416326
142,-0.15746952703124154,-0.040384691010987454,0.03914186493598884,-0.3337051559728402,-0.48603553158310386,-0.6324672687734797,-0.6572623121744169,-0.4401477841902791,0.14273114072634177,-0.9462367387416326
143,0.19027326361559485,1.0534376007160235,1.2445560383868437,-0.23297261596560254,0.8372326934059392,-0.7982095156985043,-0.8409826048941664,0.9865693207187821,-1.1304249145024554,-0.9462367387416326
144,1.4699667331959512,-1.1955949684981872,0.31925116372744095,1.4092730362736048,0.6124055678010045,-0.7921584413755878,0.03621710259872243,0.84106842616715,-0.1974635466881952,-0.9462367387416326
145,-0.9294585222672175,0.8636929174572563,0.9550048531192755,-0.1337663265645352,-0.685948141024063,-0.4088273057494506,1.517623688261492,0.6591923079776095,0.22683706357076275,1.0546162770997052
146,-0.4982574618651404,-0.03480396503278841,-2.3487112248738375,0.33784511074207724,1.2731220185583632,1.8832041560888564,-0.8189879219629289,-0.8928172339064685,-1.9790261350203713,-0.9462367387416326
147,1.0318108169809381,-0.4087126055721234,-0.2796791684075401,-0.6908477978166827,-0.3047973384934118,-0.7974351206026599,-0.5007119218991373,0.4166908170582226,-0.24424084584196887,-0.9462367387416326
148,-0.48434775023926696,1.3715389814733683,1.92751916015926,2.5692234969630072,-0.6922800070104875,-0.7951069284502827,-0.6029225072854769,0.3883989764509607,-0.24364765545414946,-0.9462367387416326
149,1.7133866866487366,-0.9667852033920268,-1.1949126974924187,-0.39933393203816164,2.6909094024751945,0.08073281231310044,-0.5265880194652992,-1.0059845963355158,-0.11073063784057327,-0.9462367387416326
150,-0.2270180851606088,-1.279305858171173,-0.3819662718988004,0.9361353483608221,2.158665594920656,-0.7534665024991669,-0.4295526535921921,-0.9979012133048696,-1.5956132907789784,1.0546162770997052
151,0.3432800915002029,1.098083408541616,0.9550048531192755,-0.629797773569872,-0.3979400048154561,-0.6349707011953903,-0.7471817512168296,0.2267313158380358,1.5822770997385354,-0.9462367387416326
152,-1.1311493408423823,-0.5314885770925023,-0.37315384452109224,-0.7000053014537042,-0.19513676090243354,-0.7982307392422588,1.692287346833085,-0.7230661902628973,-0.5371921559408741,-0.9462367387416326
153,0.8927137007222036,-0.49242349524510903,-1.3485007175039114,-0.12918757474602446,-0.016192722155648976,0.32273127976447513,-0.6423835560738739,1.0916533001171833,0.22641335615089198,1.0546162770997052
154,-0.36611520141934334,-0.5817151108962937,0.2770774041341211,-0.5870627565971046,-0.6135905130487606,1.032037132639194,-0.5330570438568397,-0.9009006169371147,1.4787230063220282,-0.9462367387416326
155,1.3795536076277737,-1.4020818296915516,-0.6120335723668356,-0.56111649629221,-0.6984237523407939,1.1238296547759221,-0.4295526535921921,-0.6018154448032038,-0.11251020900403212,-0.9462367387416326
156,0.7188423053987854,-0.029223239054589373,0.17762286658569554,-0.715267807515407,-0.42546985693034606,-0.7981505459570104,-0.591278263380704,2.03336742318747,-0.4526625256765818,-0.9462367387416326
157,1.7412061099004836,0.47304209898332417,-0.4760704071107605,1.531373084767226,-0.4259286877989275,-0.7456780460754446,0.5278629563557988,1.2654460352760777,0.182898604130126,-0.9462367387416326
158,1.0526753844197483,-1.1788527905635902,-0.381336812800393,-0.5107502262885911,-0.6913623452733246,-0.7948009533764937,-0.5459950926399207,0.6026086267630858,-0.5368955607469641,1.0546162770997052
159,-0.5678060199945076,-0.10735340274937592,-1.3044385806153687,0.6003602150033632,0.9840585713520187,-0.7936048689971363,-0.5071809462906778,-1.2484860872549028,-1.382615570809757,1.0546162770997052
160,0.1554989845509112,-0.26919445611714743,-0.5195030849008957,-0.3962814308258211,0.6215821851726345,-0.7915743071438087,-0.48130484872451595,0.5217747964566234,-1.3208813997345317,-0.9462367387416326
161,-0.5330317409298241,0.166102170182377,0.6846521703531439,3.6681239334055995,-0.6936564996162322,-0.7982285974167425,1.2265175906421704,1.1239868322397684,0.30882444931582814,1.0546162770997052
162,-0.45652832698752005,1.5110571309283443,1.4182867495473848,1.8366232060012795,-0.6899858526675801,1.012565991579888,2.9278710056173165,-0.16127106963298385,0.5193222955078093,1.0546162770997052
163,0.45455778450718975,0.5958180705037024,-0.6649081366330876,-0.6694802893302989,-0.6696137621025615,0.7622227493888108,-0.041411190099763386,-0.07235385629587512,-0.1119170186162121,1.0546162770997052
164,-0.09487582471481097,1.2599244619093874,0.0696706312087652,-0.606904014477318,-0.6898482034070057,1.805319591851633,-0.3260482633275445,1.079528225571214,0.7327860936388894,1.0546162770997052
165,-0.7903614060084829,0.6460446043074938,-0.2765318729155014,2.0655607969268197,-0.6181788217345755,-0.6961657159532092,-0.332517287719085,-0.7998583290540366,-1.075554803629143,1.0546162770997052
166,0.19722811942853158,0.18842507409517317,0.8882821886880533,-0.0772950541362354,-0.6983778692539359,-0.7214781993303071,0.07503124894796516,-0.5937320617725576,0.24522596559317006,1.0546162770997052
167,0.9344428355998239,-1.1788527905635902,-0.4134392268191887,-0.20550010505453778,-0.635155563872091,1.5855738570394646,0.36613734656728675,0.00039659097994109913,-1.1740244080071953,-0.9462367387416326
168,0.41282864962957017,-0.24687155220435128,0.43664528558048743,-0.7091628050907258,-0.5975314326484081,-0.7462343643914248,-0.591278263380704,0.5783584776711471,-0.49460956024382485,1.0546162770997052
169,0.2806863891837723,-0.07944977285838073,0.590548035141184,-0.5718002505354018,-0.3997753282897821,-0.7982501269355707,-0.48130484872451595,0.08123042128640334,-0.02819243244967517,-0.9462367387416326
170,-0.5191220293039506,0.9864688889776352,0.42374137406312856,0.7987727938054979,-0.64708516645521,-0.7982501269355707,-0.6682596536400358,0.11356395340898832,0.18738990278075984,-0.9462367387416326
171,1.0318108169809381,0.5065264548525183,-1.0954581599439934,0.4935226725714445,-0.2318432303889535,1.7886300423722277,-0.09316338523208725,0.9906110122341052,-0.03734451271889211,-0.9462367387416326
172,-1.9379126151430424,0.8078856576752659,0.9908840217285176,0.41721014226293107,0.18569286002021063,1.1405192042553274,-0.7122490195025111,-1.1919024060403791,1.3260188522004706,1.0546162770997052
173,-0.9294585222672175,-0.20222574437875898,0.11436222719571577,-0.25586637505815657,-0.5768840435622407,-0.7142460612225648,1.245924663816792,-1.6894346315766553,-0.5376158633607454,1.0546162770997052
174,-0.5747608758074444,-0.023642513076390332,0.06494968797070684,-0.5305914841688046,-0.6122140204430161,-0.79823861114643,-0.7594728975607565,-0.5654402211652957,1.7883260180218699,-0.9462367387416326
175,1.5951541378288123,-0.7212332603512697,-1.5216019695660448,-0.5366964865934857,1.1630026100988036,1.8692961981893523,-0.5848092389891636,0.5702750946405009,-0.11310339939185153,-0.9462367387416326
176,-2.51516564761679,1.1650521202800044,1.2757142637580277,0.20964005982377476,-0.6994799810002685,-0.7981177231763675,0.016810029424100974,0.30756514614449826,1.662781509514052,1.0546162770997052
177,0.5867000449529876,1.1315677644108102,1.300892627694338,0.615622721065066,-0.08042904375705875,-0.6555544788866567,0.21088076117031532,0.7279010637381026,0.1389601446894887,-0.9462367387416326
178,0.5032417751977468,0.5958180705037024,0.04575118546927026,-0.338283907791351,-0.6858563748503467,1.443712686464521,1.3429600296898991,0.7602345958606876,0.0594726327216629,1.0546162770997052
179,-0.46348318280045675,0.8134663836534649,0.9247908163957032,-0.4268064429492265,-0.6995084285141205,-0.7980957486028863,1.22004856625063,-0.20572967630153796,0.5617354082369105,-0.9462367387416326
180,0.16245384036384794,0.8302085615880621,0.13261654104954096,0.46299766044803914,-0.29607955199036334,-0.45333277102786435,-0.41014558041757065,1.4028635467970638,-0.036497097879149995,-0.9462367387416326
181,-1.4302081407986615,-2.1610605627266204,-2.388996607171934,-0.6145352675081693,2.6312613895596,1.3380122064282884,-0.873974629291023,-1.4222788224137972,0.6528325035092055,1.0546162770997052
182,0.2250475426802785,-0.23012937426975416,-0.16763544889095938,-0.5305914841688046,-0.697281263478026,1.0570714568583017,-0.4748358243329755,0.07718872977108023,-0.5379548292966422,-0.9462367387416326
183,-2.7585856010695755,-0.3361631678555359,-0.14277181450385276,-0.17497509293113253,-0.599366756122734,-0.7679307787146513,-0.44249070237527305,-0.8887755423911453,1.7797247573984858,1.0546162770997052
184,0.4684674961330632,0.8915965473482514,1.0081941469347309,-0.7122153063030664,-0.5342127727841612,-0.7977828195501474,-0.6773162877881924,1.4028635467970638,0.606606024001264,1.0546162770997052
185,-1.8196800663231179,0.8748543694136544,1.342122198640046,-0.3779664235517779,-0.6724126304009087,-0.7982225335470982,-0.16432265353903242,-0.6907326581403126,0.748081931496237,1.0546162770997052
186,1.4838764448218247,-0.10735340274937592,-0.11444615507550375,-0.38254517537028876,-0.41629323955871606,1.5661027159801588,-0.6456180682696441,-0.2299798253934767,0.06176065278896714,1.0546162770997052
187,0.8579394216575199,-0.09619195079297785,0.352297766393848,-0.33065265476049965,1.6172451699944874,-0.7982047869928183,-0.19666777549673484,0.6470672334316402,0.9450211402523433,1.0546162770997052
188,0.35718980312607634,-1.457889089473542,-0.5065991733835365,-0.6893215472105124,-0.616802329128831,1.674584787596292,-0.48130484872451595,0.08931380431704959,-1.5959946274568624,-0.9462367387416326
189,0.3224155240613927,-2.1275762068574258,-1.080665871131411,-0.28639138718156193,1.319005105416513,1.6050449980987709,-0.5265880194652992,0.42477420008886885,-1.723869526773972,1.0546162770997052
190,0.1276795612991643,0.9195001772392467,0.404228142012488,-0.38712392718879957,-0.5846841683281261,-0.7982501269355707,-0.6540277999786467,0.4207325085735457,-0.28313718698613966,1.0546162770997052
191,1.5325604355123816,-2.2057063705522126,-0.7136912167596885,-0.3596514162777347,0.7546431370612693,1.7886300423722277,-0.6896074341321193,1.4230720043736793,0.5211442374132554,1.0546162770997052
192,-0.38697976885815355,-0.2859366340517446,-0.32846224853414135,-0.1536075844447486,-0.08960566112868874,0.3394208292438802,-0.26782704380368016,-0.573523604195942,-0.17212584297990116,1.0546162770997052
193,1.4282375983183309,-1.0337539151304151,-1.5165662967787827,0.2829000889199478,-0.6542429280050813,1.6328609138977794,-0.85909587319048,2.0414508062181165,-0.2443679580679302,1.0546162770997052
194,0.23895725430615194,0.015422568771002941,-0.08234374105670832,-0.4863302165898669,-0.6898482034070057,-0.7982501269355707,-0.7439472390210594,-0.23806320842412296,-0.11331525310178692,-0.9462367387416326
195,0.5380160542624305,0.18284434811697411,-0.2286929814365118,-0.4878564671960371,-0.6310260860548574,-0.798161116005014,-0.5459950926399207,-0.706899424201605,0.8166377920313882,-0.9462367387416326
196,-0.2826569316641026,0.6739482341984889,0.593065871534815,-0.635902775994553,-0.6939317981373809,0.7983834399275217,-0.658556117052725,-0.06831216478055199,0.648086980406649,-0.9462367387416326
197,-0.762541982756736,1.3547968035387712,0.914719470821179,-0.2085526062668783,-0.6986669327011421,1.4325863201449176,-0.873974629291023,1.1320702152704145,1.5819805045446254,1.0546162770997052
198,0.5867000449529876,0.9027579993046496,0.45238176304068156,-0.1551338350509189,2.0852526559476163,-0.7972376276004869,-0.468366799941435,0.2833149970525595,-0.9615351369418194,1.0546162770997052
199,1.3517341843760269,-0.8886550396972401,0.015537148745697895,-0.7457928196388122,0.2774590337365104,-0.11676018985986053,-0.7568852878041403,-0.9979012133048696,0.05612534410468118,-0.9462367387416326
200,-2.014416029085346,0.166102170182377,1.0695664090294872,-0.5656952481107207,-0.6800751059062198,-0.44776958786806265,1.2912078345575753,0.7844847449526263,-1.608663479311009,1.0546162770997052
201,0.6701583147082283,1.07576050462882,0.2260912171630928,-0.600799012052637,1.828307369541977,-0.7948565852080918,-0.6093915316770174,2.0859094128866706,0.004263555912453669,1.0546162770997052
202,1.2821856262466602,-1.145368434694396,-0.7571238945498237,-0.190237598992835,-0.6360732256092541,1.5716658991399606,-0.5848092389891636,1.6494067292317738,-0.1127220627139675,1.0546162770997052
203,0.03031157991805012,-0.7602983421986629,-0.7813580698385223,-0.5672214987168911,-0.5158595380409013,1.365828122227297,-0.6740817755924222,-0.15318768660233759,0.2259049072470466,1.0546162770997052
204,1.3378244727501534,0.23307088192076547,0.915034200370383,-0.5931677590217855,0.5114627767130749,-0.7982449531752321,-0.6009817999680147,1.4958224516494951,-0.1132728823598002,-0.9462367387416326
205,0.6006097565788611,1.3492160775605722,0.38786220545388644,2.0655607969268197,-0.5310009567040908,1.0821057810774095,-0.028473141316682413,-0.4199393266136635,0.015661285506987525,-0.9462367387416326
206,2.1724071703025607,0.5790758925691053,0.2119283874489183,1.2261229635331727,1.1354727579839134,0.9541525684019699,1.3947122248222228,1.8434079219672839,0.09667414418634887,-0.9462367387416326
207,-0.3452506339805332,1.1538906683236063,1.0025290150490611,-0.5885890072032748,-0.6927847209659272,-0.7982501269355707,-0.36486240967678724,0.9421107140502277,-0.04819142266759326,-0.9462367387416326
208,-0.9642328013319011,-1.81505555207828,-0.3989616675558099,-0.6694802893302989,1.828307369541977,-0.7981413667047966,-0.4748358243329755,-1.1797773314944098,-0.1171286198806273,1.0546162770997052
209,1.1152690867361787,-0.5147463991579052,-1.4835196941123754,-0.40086018264433193,-0.05748750032798379,1.1015769221367155,0.7154646637104726,-0.16127106963298385,0.09807237867192369,-0.9462367387416326
210,0.5519257658883039,0.015422568771002941,0.09044278145622113,-0.6221665205390207,-0.6945741613533951,1.0987953305568148,0.1332524684718295,0.5338998710025927,-0.4521540767727364,-0.9462367387416326
211,-2.3273845406674987,0.7297554939804793,0.33341399344161543,-0.4695414599219939,-0.6992083531260682,1.6245161391580765,1.7311014931823279,-1.0140679793661622,-0.9596708242943864,1.0546162770997052
212,-0.7208128478791157,0.7576591238714745,0.10869709531004602,-0.2589188762704971,-0.6964186614450928,1.7163086612948053,-0.468366799941435,-1.6930721539404463,0.31026505454338965,1.0546162770997052
213,0.7744811519022792,0.20516725202977026,-0.17613314671946415,-0.5428014890181668,-0.616802329128831,-0.7968899286529992,-0.5524641170314611,0.8693602667744119,-0.451645627868891,1.0546162770997052
214,0.753616584463469,-0.6654260005692793,-0.9305398761611609,-0.5061714744700803,1.5621854657647074,-0.7980899072605685,-0.4942428975075968,0.5945252437324395,0.014178309537438686,1.0546162770997052
215,-0.6790837130014953,0.545591536699911,-0.23309919512536617,0.1440112837584533,-0.446576076885095,-0.798048461546028,-0.44895972676681356,0.4086074340275763,-1.3539305784844806,-0.9462367387416326
216,0.7466617286505323,-0.13525703264037112,0.8908000250816843,2.0808233029885224,-0.6966526651880693,-0.7957494761052399,-1.0680453610372374,0.1782310176541583,0.2248456386973685,-0.9462367387416326
217,-0.13660495959243135,0.7241747680022803,0.8158943923711611,-0.5626427468983802,-0.5525660075274212,0.06960644599349698,-0.5265880194652992,-1.1312770333105326,0.22226102343615486,1.0546162770997052
218,-0.7486322711308626,-0.7268139863294687,0.36268384151757616,-0.698479050847534,0.5756990983144848,-0.7835911393094933,-0.09963240962362774,-0.642232359956435,0.7340572158985028,1.0546162770997052
219,0.6701583147082283,0.0656491025747943,0.6720629883849887,-0.07119005171155436,1.0528832016392435,-0.7982396403353145,-0.2937031413698421,1.047194693448629,-0.9622130688136135,-0.9462367387416326
220,1.184817644865546,0.6293024263728967,0.6251682855536107,-0.5336439853811452,0.38757844219607007,-0.7982184167915599,0.06856222455642486,1.6736568783237127,-0.6365939166426433,-0.9462367387416326
221,-0.42870890373577314,0.07122982855299334,0.29973793167680035,-0.4084914356751833,-0.6223082995518091,1.3936440380263055,-0.48130484872451595,-1.5475712593888138,0.7340148451565155,-0.9462367387416326
222,-0.9155488106413441,1.2989895437567807,0.6210768014139604,-0.10629381565347046,-0.6928764871396437,-0.5295483803171478,-0.5783402145976231,-0.33910549630720105,2.1758488242360126,-0.9462367387416326
223,-0.6234448664980015,0.9920496149558342,0.9194404140592372,-0.32760015354815913,-0.6863152057189281,-0.7978829568470238,-0.5007119218991373,1.7383239425688826,0.31619695842158624,-0.9462367387416326
224,1.1709079332396726,0.6069795224601005,1.1800364808000485,-0.509223975682421,-0.5296244640983463,-0.7982501269355707,0.5537390539219608,1.0674031510252446,0.18251726745224198,-0.9462367387416326
225,-0.8529551083249135,-1.5639228830593237,-0.21169758577950226,-0.6771115423611502,1.5117140702207426,-0.7979246807207224,-0.6818446048622708,-1.2606111618008722,0.6650352772014948,-0.9462367387416326
226,-2.0700548755888395,1.4217655152771596,0.1716430051508218,-0.22076261111624046,0.5527575548854098,0.08073281231310044,-0.7154835316982813,0.32777360372111386,2.1061065829252237,1.0546162770997052
227,-0.08792096890187424,-1.273725132192974,0.23553310363920923,-0.773265330549877,0.1994577860776556,-0.769599733662592,-0.5071809462906778,-0.3310221132765548,1.9941207118532818,-0.9462367387416326
228,0.6562486030823549,1.0478568747378245,0.5332672571860783,-0.3901764284011401,0.06639683418902091,-0.7953572716924739,0.3402612490011248,2.093992795917317,0.18938132765415408,-0.9462367387416326
229,-0.1505146712183048,0.13819854029138182,0.07848305858647366,1.6992606514459554,-0.4846590389773594,-0.7982465943142643,-0.15785362914749193,-0.48864808237415636,-1.1697873338084843,-0.9462367387416326
230,-1.1172396292165088,1.3715389814733683,0.7992137262633555,0.5393101907565525,-0.6998054297353534,-0.7982014490829225,-0.3583933852852468,-0.4643979332822176,-1.170507636422265,1.0546162770997052
231,-0.018372410772506974,0.8190471096316639,0.17479030064286052,-0.7320565641832798,-0.629649593449113,1.4103335875057106,-0.6773162877881924,0.3116068376598214,-0.5385480196844616,1.0546162770997052
232,-0.9920522245836481,-3.776680733415241,-4.27454133645237,-0.6206402699328504,3.810456721814052,-0.7891265065534959,-0.6779631902273465,0.03677181461784921,-0.5150746286236004,-0.9462367387416326
233,-0.400889480484027,0.27771668974635777,0.7888276511396277,0.17606254648802896,-0.615884667391668,-0.7982501269355707,-0.5459950926399207,-0.2906051981233236,2.006450597771532,1.0546162770997052
234,0.9692171146645076,-1.312790214040367,-1.7371917107707018,-0.6801640435734907,3.0258559365396898,0.2949153639654665,-0.7006047755977381,-0.16531276114830695,0.009814123112765593,-0.9462367387416326
235,-1.0268265036483317,1.2487630099529894,1.381148662741327,0.6308852271267686,-0.6756703295678373,-0.7982200857465079,-0.8713870195344068,0.3116068376598214,-1.6784480913637858,1.0546162770997052
236,-1.715357229129067,1.466411323102752,1.2536831953137562,3.0881487030608987,-0.6965930171751538,-0.3198163751926232,1.0841990540282798,-0.9291924575443765,2.4270649534776108,1.0546162770997052
237,-0.3800249130452168,0.8860158213700524,0.9131458230751597,0.1241700258782399,-0.5135653836979938,-0.7820890798563468,-0.24195094623751823,-0.14914599508701445,-0.32487236784344675,1.0546162770997052
238,0.6353840356435446,-1.820636278056479,-1.2971998009836796,-0.5168552287132723,0.9014690150073489,-0.7961444621095858,-0.5265880194652992,-1.1070268842185937,0.04799016164315502,1.0546162770997052
239,0.4962869193848101,-0.8719128617626437,-1.135114083143682,-0.7808965835807284,2.066899421204356,-0.3059084172931189,-0.5524641170314611,-0.09256231387249074,-1.2149969155087343,1.0546162770997052
240,2.1028586121731934,1.3659582554951692,0.7834772488031617,1.5618980968906313,-0.681956312467404,-0.7982501269355707,-0.3907385072429492,1.3584049401285094,0.09722496383218157,-0.9462367387416326
241,0.002492156666303209,1.1371484903890092,0.922272980002072,-0.1551338350509189,-0.6972399686998537,1.6328609138977794,0.09443832212258661,0.028688431587202964,-1.0035669129930365,-0.9462367387416326
242,1.059630240232685,-0.29709808600814264,-0.5081728211295556,2.0045107726800087,-0.2997501989390153,-0.7982501269355707,1.2847388101660349,0.2146062412920664,0.43983478353998473,1.0546162770997052
243,0.1763635519897214,0.9139194512610477,0.5634812939096506,-0.6877952966043421,-0.5511895149216767,-0.7467906827074049,-0.8189879219629289,1.3018212589139857,0.5279235561311936,1.0546162770997052
244,-3.4262517591115005,-2.0048002353370475,-2.041849914400056,-0.658796535087107,2.172430520978101,1.8192275497511368,-0.468366799941435,-1.4954334388411457,-1.0872067576755988,-0.9462367387416326
245,0.009447012479239937,0.8804350953918534,-0.10311589130416425,1.3176979999033887,-0.5553189927389102,-0.5726630498056111,3.1025346641889096,1.6494067292317738,2.9496233144046857,-0.9462367387416326
246,1.3517341843760269,-0.07944977285838073,0.05330469465016335,1.5466355908289287,-0.661492455728669,-0.7917690185544017,2.720862225088021,1.2735294183067238,0.672746752243149,1.0546162770997052
247,-0.8042711176343564,-2.055026769140839,-2.55013813636432,-0.7015315520598745,3.1451519623708784,1.4019888127660083,-0.455428751158354,-0.7594414139008054,-2.017922476164542,1.0546162770997052
248,-0.9155488106413441,0.679528960176688,-0.7341486374579405,0.22490256588547744,2.6450263156170446,-0.7974990972089976,-0.591278263380704,-0.5816069872265882,2.3383406197565946,-0.9462367387416326
249,-1.9379126151430424,-3.768309644447942,-7.052344337725803,-0.4634364574973129,3.8058684131282376,1.8720777897692529,0.18500466360415338,-1.573842254238414,-1.3665146888546533,-0.9462367387416326
250,1.2821856262466602,1.3436353515823731,1.3075019482276196,5.316474588069488,-0.6952669959649532,-0.1696104298779768,-0.5007119218991373,0.8612768837437657,0.22738788321659545,1.0546162770997052
251,0.9135782681610137,-1.0728189969778086,-0.886163009723414,-0.5351702359873155,1.5851270091937824,1.3352306148483875,-0.5330570438568397,1.0148611613260439,-0.9608995758120127,-0.9462367387416326
252,-0.5678060199945076,0.9474038071302419,0.5115509182910106,-0.6908477978166827,-0.6983273978583918,1.1738983032141377,-0.48130484872451595,-0.4401477841902791,0.5238135941584443,1.0546162770997052
253,-0.9572779455189644,0.24423233387716356,1.4935071118071115,-0.5962202602341261,-0.648920489929536,-0.7875688152687514,-0.7400658243861351,-0.2784801235773542,0.9041757449767643,-0.9462367387416326
254,1.1709079332396726,0.48978427691792126,0.40548706020930364,-0.2634976280890079,0.6445237286017095,-0.6327454279314697,-0.8157534097671587,-0.7271078817782204,-0.07424942898966806,-0.9462367387416326
255,0.3710995147519498,0.5567529886563092,1.005361580991896,-0.6908477978166827,-0.34379796232283916,-0.7980940796479383,-0.7555914829258322,0.29139838008320573,0.056294827072629845,-0.9462367387416326
256,-0.26874722003822915,-0.2859366340517446,0.9543753940208678,-0.6877952966043421,-0.6002844178598972,-0.798217860473244,-0.6106853365553254,-0.6381906684411119,0.6482564633745971,1.0546162770997052
257,0.1276795612991643,0.07681055453119237,0.5814208782142716,-0.6313240241760423,-0.5741310583507516,-0.7982501269355707,0.476110761223475,0.25098146492997453,0.016678183314678297,-0.9462367387416326
258,-1.1102847734035721,-1.1788527905635902,-0.7555502468038047,-0.44054269840475885,-0.30066786067617834,-0.7979975584201158,1.8734200297962182,-0.7028577326862819,0.7302438491196624,-0.9462367387416326
259,1.0318108169809381,1.2599244619093874,0.9606699850049454,0.6614102392501738,-0.6952761725823249,-0.789682824869476,1.3688361272560612,-0.4846063908588333,0.22687943431275007,1.0546162770997052
260,-0.2270180851606088,0.3893312093103386,-1.6342751481810336,-0.07576880353006508,-0.6434145195065579,1.4993445180625382,1.3623671028645206,-0.2461465914547692,0.18416972638973947,-0.9462367387416326
261,-0.26179236422529245,0.04332619866199814,0.644996247153455,-0.5595902456860397,-0.6885175938881194,-0.7684870970306317,-0.26135801941213965,0.15802256007754267,0.097818154220001,1.0546162770997052
262,0.19722811942853158,0.7576591238714745,0.6346101720297271,-0.48175146477135605,-0.6916376437944735,-0.7982501269355707,-0.9833011415080571,-0.7190244987475742,0.47995987620178043,1.0546162770997052
263,1.782935244778104,0.5679144406127072,1.3543966510589973,0.6461477331884711,-0.6094610352315271,1.0403819073788967,0.2691019806941797,0.477316189788069,0.22141360859641215,-0.9462367387416326
264,-0.324386066541723,0.12145636235678468,0.9499691803320134,-0.3901764284011401,0.6674652720307844,-0.7982501269355707,-0.3260482633275445,0.5015663388800077,0.22878611770216964,-0.9462367387416326
265,-0.6582191455626851,0.7520783978932755,0.4904640384943507,-0.48938271780220743,-0.6181788217345755,-0.7982501269355707,0.3208541758265034,0.7966098194985958,0.13993467175519214,1.0546162770997052
266,-0.05314668983719061,-0.9109779436100364,-1.0070191566177034,-0.2589188762704971,0.15816300790532065,-0.5378931550568504,-0.35192436089370627,-1.5786922840568018,0.3094600104456355,1.0546162770997052
267,1.1430885099879258,0.43955774311412993,-0.06031267261243673,1.0734979029161458,-0.6992909426824129,-0.18073679619758024,-1.119150653730407,1.0350696189026596,0.2248032679553812,1.0546162770997052
268,-0.046191834024253885,1.3994426113643634,0.9395831052082855,5.850662300229081,-0.2272549217031385,-0.7982501269355707,-0.22901289745443726,0.23885639038400516,0.19336417740094314,1.0546162770997052
269,-1.770996075632561,1.3492160775605722,0.7098305342894541,-0.4268064429492265,-0.6998248382810943,1.1516455705749307,-0.3842694828514087,-1.1878607145250561,2.175170892364219,-0.9462367387416326
270,-3.6001231544349186,1.4385076932117566,0.3151596795877903,0.20353505739909372,-0.6994657572433425,0.2281571660478459,1.0195088101128749,-1.252527778770226,2.5926498131632525,-0.9462367387416326
271,0.9831268262903811,1.1483099423454073,0.8269099265932969,0.31800385286186383,-0.6786986133004752,-0.1751736130377785,0.974225639372092,0.1943977837154508,0.22336266272781968,1.0546162770997052
272,-0.12965010377949462,0.35584685344114436,0.8111734491331031,-0.6603227856932773,0.6720535807165994,-0.7977633484090881,-0.3842694828514087,-1.4222788224137972,0.056506680782565225,1.0546162770997052
273,0.5101966310106836,-1.2346600503455807,-1.3075858761074075,-0.7580028244881745,-0.6948035767876859,1.660676829696788,-0.5136499706822183,-0.8726087763298529,-0.4532133453224145,1.0546162770997052
274,0.3989189380036967,1.0590183266942226,0.6298892287916689,4.2328366576885985,-0.6936564996162322,-0.7981853158517591,-0.7568852878041403,-0.31889703873058545,-0.5370226729729254,1.0546162770997052
275,-0.9503230897060277,0.02100329474920198,-1.3532216607419698,1.0277103847310378,-0.6996451601129579,0.2670994481664579,4.053481249745359,-0.2663550490313848,0.6493581026662625,1.0546162770997052
276,-0.637354578123875,0.35584685344114436,0.3623691119683722,-0.3565989150653942,-0.6824151433359854,-0.7949122170396898,-0.20313679988827532,0.7521512128300414,0.05926077901172753,1.0546162770997052
277,-1.1241944850294454,0.5121071808307175,0.6364985493249505,-0.600799012052637,-0.3928928652610596,-0.7982501269355707,-0.24195094623751823,-0.44418947570560224,1.1559426938641952,1.0546162770997052
278,0.5658354775141774,-0.029223239054589373,0.14426153437008443,0.05396249799440772,-0.5856018300652891,-0.7982501269355707,0.3920134441334487,-0.09256231387249074,-0.7493424610703534,-0.9462367387416326
279,-0.20615351772179863,-0.9165586695882354,0.05015739915812464,-0.5794315035662532,1.782424282683827,-0.3782297983705412,0.6054912490542843,0.25502315644529766,0.016423958862755605,-0.9462367387416326
280,1.4838764448218247,0.09355273246578949,1.091597477473759,0.7682477816820926,-0.6964737211493226,1.0264739494793922,-0.8364542878200882,0.18631440068480454,0.30962949341358353,1.0546162770997052
281,1.1291787983620523,-1.630891594797712,-0.3671739830862185,-0.1337663265645352,-0.6995561469244531,0.6954645514711901,-0.7711171414655293,-0.14914599508701445,0.22556594131114927,1.0546162770997052
282,0.6840680263341018,-0.6821681785038763,0.27833632233093647,-0.7518978220634933,0.09851499498972574,-0.28921886781371375,-0.0737563120574658,-0.27443843206203106,-0.7926029886391966,-0.9462367387416326
283,-1.68753780587732,0.009841842792803902,-0.9815260631321894,-0.44664770082944,-0.6970747895871643,1.3602649390674952,-0.5201189950737588,-0.9372758405750228,0.12379141905810176,-0.9462367387416326
284,0.19027326361559485,0.8469507395226592,-0.07825225691705792,-0.2833388859692214,-0.19972506958824854,-0.06390994984174417,-0.7407127268252891,-1.6110258161793867,0.2259049072470466,-0.9462367387416326
285,0.18331840780265812,0.5623337146345082,-1.275168732539408,-0.6114827662958288,-0.39931649742120057,-0.7906285660066423,0.14619051725491047,1.212904045576877,0.5635573501423566,-0.9462367387416326
286,0.14158927292503776,0.3335239495283482,-0.3964438311621792,-0.5046452238639101,0.38299013351025507,1.5466315749208526,3.2966053959351234,0.13377241098560394,0.013627489891605985,-0.9462367387416326
287,-0.38697976885815355,0.6906904121330861,0.8514588314311995,-0.5290652335626344,-0.6976024450860331,0.061261671253794406,-0.30664119015292307,-1.6878179549705261,0.22531171685922657,1.0546162770997052
288,-1.5762601128703324,0.5511722626781101,1.2555715726089796,1.3787480241501995,1.0299416582101686,-0.7982501269355707,-0.833219775624318,0.020605048556556715,0.20607539999707716,1.0546162770997052
289,-1.7501315081937505,0.8302085615880621,1.10953706177838,-0.3199689005173078,-0.6938400319636647,1.0848873726573103,-0.30017216576138256,-1.5823298064205926,0.2253540876012139,-0.9462367387416326
290,-0.26179236422529245,-0.07386904688018169,0.9993817195570224,-0.4619102068911426,-0.4204227173759495,-0.7982501269355707,-0.468366799941435,-0.9615259896669615,0.2237016286637164,-0.9462367387416326
291,-0.4426186153616466,0.12703708833498373,0.22860905355672384,-0.1383450783830459,-0.6310260860548574,-0.7609767997648992,2.8890568592680737,-0.7351912648088667,0.22789633212044083,1.0546162770997052
292,-0.7277677036920525,0.1940058000733722,0.3648869483620032,-0.5412752384119965,0.48393292459818493,-0.7982396959671461,-0.3454553365021658,-1.1999857890710255,0.1395533350773081,1.0546162770997052
293,-0.0253272665854437,0.9027579993046496,0.3139007613909749,-0.5870627565971046,-0.4314346582219055,1.187806261113642,0.7672168588427964,-0.16935445266363008,0.14209557959653504,-0.9462367387416326
294,-0.08096611308893752,0.6739482341984889,1.1655589215366702,-0.3779664235517779,-0.18596014353080353,-0.7982501269355707,-0.4942428975075968,-0.07639554781119824,0.2695044007517866,-0.9462367387416326
295,-0.6303997223109382,0.3391046755065472,1.1170905709592729,-0.4115439368875238,-0.634237902134928,-0.798246232707359,0.7154646637104726,-0.4603562417668945,0.22323555050185834,1.0546162770997052
296,-0.866864819950787,0.6906904121330861,1.4554248363534423,0.5698352028799579,-0.6365320564778355,-0.7982501269355707,-0.44249070237527305,0.30756514614449826,0.22247287714609026,1.0546162770997052
297,0.5727903333271142,0.6013987964819014,0.9915134808269255,-0.606904014477318,-0.6993414140779569,1.4993445180625382,-0.28076509258676113,0.5177331049413002,0.22577779502108467,-0.9462367387416326
298,0.016401868292176665,0.7688205758278727,0.20217177142359788,-0.6313240241760423,-0.6954826464731865,1.0070028084200862,-0.738125117068673,-0.08043723932652137,-0.961026688037974,-0.9462367387416326
299,-0.45652832698752005,0.17168289616057605,0.39163896004433285,-0.05440129504368137,-0.685948141024063,-0.7982501269355707,2.041614663976271,0.028688431587202964,1.5791840355734756,1.0546162770997052
300,-0.3174312107287863,0.07122982855299334,1.0374639950106916,-0.6206402699328504,1.250180475129288,-0.7855660693312229,1.802260761489273,-0.3512305708531704,-1.9780092372126805,1.0546162770997052
301,0.830119998405773,-2.8642320359796987,-3.169840618746757,-0.6542177832685963,2.186195447035546,-0.6814232805797347,0.016810029424100974,0.6106920097937321,-0.7489611243924693,1.0546162770997052
302,-1.4997566989280289,-0.8216863279588523,-1.8001376206114772,-0.2833388859692214,1.722776269768232,1.7302166191943094,-0.7057799951109706,-1.046401511488747,0.7338877329305548,-0.9462367387416326
303,-2.09091944302765,-0.8998164916536383,0.48983457939594305,3.988636560701356,1.406182970446998,-0.7982423106632311,3.1284107617550716,-1.0423598199734239,-2.0816480721131607,-0.9462367387416326
304,0.8092554309669628,0.2386516078989645,0.5276021253004085,1.256647975656578,-0.3983988356840376,-0.7982501269355707,-0.06728728766592532,1.5039058346801415,-0.3218640451623618,-0.9462367387416326
305,0.2737315333708356,0.8748543694136544,0.7161251252735316,1.302435493841686,-0.6668607768910726,-0.7982467890256749,-0.6249171902167145,1.0431530019333057,-0.7925606178972093,-0.9462367387416326
306,-0.7973162618214197,0.7632398498496736,0.5530952187859225,-0.31081139688028614,-0.6587853536040381,-0.7682089378726416,1.4982166150868705,-0.1208541544797526,-1.3415159510822565,-0.9462367387416326
307,0.07204071479567048,0.7744013018060717,-1.5146779194835593,-0.5183814793194425,-0.6424968577693949,1.5382868001811503,-0.6080977267987093,-0.8887755423911453,0.05548978297487445,1.0546162770997052
308,0.12072470548622757,-0.8719128617626437,-1.1593482584323807,-0.29097013900007274,0.6582886546591544,1.7719404928928224,-0.455428751158354,-1.155527182402471,-0.0288279935794819,1.0546162770997052
309,0.48933206357187337,0.6237217003946977,-0.35080804652761666,-0.4710677105281642,-0.6958680644027949,0.3004785471252683,2.97962320074964,-1.4384455884750897,-0.8767512822256044,1.0546162770997052
310,-0.713857992066179,-0.6654260005692793,0.11058547260526937,-0.6374290266007233,-0.2089016869598785,1.8303539160707403,-0.5201189950737588,-1.4384455884750897,0.2264557268928793,1.0546162770997052
311,1.0804948076714953,0.6739482341984889,0.5024237613640982,-0.4283326935553967,-0.6940694473979554,-0.14457610565886914,-0.6003348975288607,1.0027360867800745,0.05548978297487445,-0.9462367387416326
312,0.48237720775893667,0.8692736434354553,-0.4738673002663329,-0.6740590411488098,-0.6552982390028188,-0.7982501269355707,-0.8558613609947097,1.7949076237834063,-0.11157805268031538,-0.9462367387416326
313,-2.4038879546098024,-0.24129082622615225,-0.6208459997445444,-0.5885890072032748,-0.6979098617679826,-0.7957494761052399,-0.36486240967678724,0.14993917704689644,-0.7684516657065414,1.0546162770997052
314,-1.3119755919787373,0.04332619866199814,-0.037966874618961435,-0.22228886172241066,-0.5053064280635269,-0.7982373316143032,-0.5654021658145422,-0.23402151690879983,2.216439995059668,1.0546162770997052
315,-0.9155488106413441,-0.7212332603512697,-1.342835585618242,0.04480499435738607,-0.27589099377277737,-0.36710343205093776,-0.7420065317035972,-1.6886262932735907,-1.3852001860709706,-0.9462367387416326
316,0.5658354775141774,1.1427292163672083,1.2190629449013295,-0.4863302165898669,-0.48511786984594085,-0.6686279593121908,2.4621012494264014,-0.605857136318527,0.22815055657236352,-0.9462367387416326
317,-0.2270180851606088,-0.41429333155032244,0.8769519249167135,-0.4680152093158237,-0.5186125232523903,-0.7945227942185036,-0.5201189950737588,-1.5932423735119652,0.13989230101320543,1.0546162770997052
318,-1.3606595826692942,-0.12409558068397304,0.12946924555750197,-0.3917026790073103,-0.6980429227198712,1.2350933179719565,-0.26135801941213965,-1.1231936502798863,0.04146506737713963,-0.9462367387416326
319,0.8162102867798996,-0.2915173600299436,0.4416809583677495,0.8903478301757141,-0.4360229669077205,-0.7982501269355707,-0.5589331414230017,0.5581500200945314,-0.4120713548529268,1.0546162770997052
320,0.6840680263341018,0.4786228249615232,-0.6589282751982137,-0.5244864817441235,-0.02536933952727896,1.4715286022635294,-0.846157824407399,-0.5654402211652957,1.1612814073545716,1.0546162770997052
321,0.10681499386035412,0.037745472683799096,0.5017943022656906,-0.1520813338385785,0.3187538119088453,-0.7982501269355707,-0.5459950926399207,-0.7190244987475742,-0.20369204576030117,1.0546162770997052
322,0.8023005751540261,-1.4132432816479497,-0.9387228444404616,-0.6954265496351935,1.5897153178795973,1.1293928379357239,-0.5201189950737588,-1.4970501154472748,-0.5366837070370287,-0.9462367387416326
323,0.5727903333271142,0.49536500289612034,-0.7398137693436104,0.7224602634969846,-0.16760690878754356,1.0570714568583017,0.27557100508571997,0.8734019582897351,1.0281525360310602,-0.9462367387416326
324,-1.1311493408423823,0.7241747680022803,0.4659151336564481,-0.4710677105281642,-0.6951706414825511,1.3491385727478917,0.19794271238723435,-0.048103707203936384,0.738760368259072,1.0546162770997052
325,1.2960953378725337,-0.7156525343730706,-2.057271662311046,-0.18108009535581357,1.1997090795853231,1.4242415454052153,-0.778879970735378,-0.6462740514717582,0.5655064042737635,1.0546162770997052
326,0.07204071479567048,-0.4198740575285215,-0.271810929677443,-0.15971258686942985,-0.6670901923253633,-0.7929372870179601,1.045384907679037,-1.220194246647641,-0.8347618769163745,-0.9462367387416326
327,0.05813100316979703,-0.8049441500242552,0.1165653340401431,-0.7122153063030664,-0.5966137709112451,-0.7982450922548112,-0.5718711902060827,-1.0868184266419783,-1.383166390455589,1.0546162770997052
328,0.18331840780265812,-0.3082595379645407,0.3969893623807989,-0.6343765253883829,-0.659335950646336,1.6078265896786714,-0.13844655597287048,0.2307730073533589,0.18306808709807407,-0.9462367387416326
329,-0.4426186153616466,0.7799820277842707,-0.3740980331687039,0.9971853726076324,-0.6374497182149985,0.6509590861927764,3.1025346641889096,-1.3859035987758892,0.08396292159021483,-0.9462367387416326
330,-0.06010154565012734,-1.6755374026233043,-0.6142366792112632,-0.5519589926551883,-0.620472976077483,0.5842008882751557,-0.37133143406832775,-0.9736510642129308,-1.935680865967554,-0.9462367387416326
331,0.6214743240176712,0.9027579993046496,1.1073339549339527,-0.45580520446646156,-0.6992955309910988,1.2879435579900729,-0.8416295073333206,-0.18147952720959945,0.05718461265435927,1.0546162770997052
332,-0.9294585222672175,0.004261116814604863,0.9603552554557414,-0.6191140193266801,-0.38279858615226664,-0.7982501269355707,-0.46189777554989453,-0.11681246296442947,0.14031600843307618,-0.9462367387416326
333,-1.4371629966115982,0.7799820277842707,1.1580054123557773,-0.41612268870603464,-0.6717702671848947,-0.7982434232998632,-0.1125704584067087,-1.1231936502798863,-1.2966877060598898,-0.9462367387416326
334,0.6214743240176712,0.9585652590866399,0.3538714141398674,-0.6175877687205098,-0.6974969139862592,-0.6068766262383918,-0.8002277512274615,-0.37143902842978604,0.22437956053551045,-0.9462367387416326
335,-1.8753189128266117,-3.254882854453631,-4.498628775485532,-0.4680152093158237,3.810456721814052,1.6467688717972835,-0.44249070237527305,-0.6907326581403126,-0.792433505671248,1.0546162770997052
336,-0.0253272665854437,0.8078856576752659,0.7913454875332587,0.5850977089416606,-0.5516483457902582,-0.7982501269355707,-0.48777387311605636,-0.2501882829700923,-1.0432682982349621,-0.9462367387416326
337,-0.8320905408861033,1.0701797786506206,0.9219582504528683,-0.550432742049018,-0.5277891406240203,-0.7982501269355707,0.8448451515412823,0.6026086267630858,2.177543653915498,-0.9462367387416326
338,-0.046191834024253885,-1.1844335165417892,0.2902960452006839,-0.31386389809262666,-0.5020946119834563,-0.7982309061377536,-0.5589331414230017,1.7059904104462975,-0.9539931448681133,-0.9462367387416326
339,1.059630240232685,-1.457889089473542,-0.618957622449321,-0.6343765253883829,3.2047999752864738,-0.7980248180175988,-0.1707916779305729,1.6736568783237127,-0.11195938935819942,1.0546162770997052
340,-1.4302081407986615,1.2878280918003826,0.8212447947076271,-0.1719225917187919,-0.6997520677053373,1.852606648709947,-0.5395260682483802,-0.23402151690879983,2.1708914474235206,-0.9462367387416326
341,-0.43566375954870984,0.21632870398616835,0.48259579976425365,1.8366232060012795,-0.667273724672796,0.13080146075131593,3.024906371490424,-1.2727362363468417,-0.7487492706825334,-0.9462367387416326
342,-0.3800249130452168,0.9585652590866399,0.5474300869002527,0.7682477816820926,-0.3309506980025572,-0.13344973933926568,-0.5783402145976231,-0.5169399229814182,-0.5358786629392733,1.0546162770997052
343,-2.1743777127828907,0.6962711381112852,0.8250215492980736,-0.17955384474964325,-0.4594233412053769,-0.7981758584403874,-0.7355375073120567,-1.0868184266419783,1.5785484744436695,-0.9462367387416326
344,1.2056822123043562,-0.05154614296738553,0.01742552604092124,-0.5672214987168911,-0.648002828192373,-0.7961528068843255,-0.4942428975075968,-0.5371483805580338,-0.1961500536865944,-0.9462367387416326
345,0.002492156666303209,1.0255339708250284,0.6717482588357847,-0.4741202117405047,-0.09878227850031873,1.7441245770938139,-0.5524641170314611,-1.4061120563525047,0.3103497960273643,1.0546162770997052
346,0.6353840356435446,-0.5984572888308908,-0.9447027058753353,-0.3688089199147564,-0.6981209239675302,1.6050449980987709,-0.9942984829736758,1.992950508034239,-0.11267969197198018,1.0546162770997052
347,-1.68753780587732,0.6125602484382995,-0.37693059911153837,-0.6450602796315746,-0.6998339690153792,1.5827922654595639,3.3160124691097446,0.1418557940162502,0.13993467175519214,1.0546162770997052
348,0.0511761473568603,0.5009457288743193,0.8989829933609851,-0.5565377444736992,-0.5755075509564961,-0.7982501269355707,-0.23548192184597774,-0.2461465914547692,-0.32635534381299564,1.0546162770997052
349,-1.4858469873021554,-0.04596541698918649,1.1910520150221844,-0.4954877202268885,1.0115884234669086,-0.7932710780075481,-0.3454553365021658,-0.7715664884467748,1.5743114002449572,1.0546162770997052
350,0.3224155240613927,0.9362423551738438,0.7988989967141519,-0.22228886172241066,-0.6854893101554815,-0.7802810453294112,-0.8733277268518689,1.9242417522737463,-1.0430140737830393,-0.9462367387416326
351,0.2041829752414683,-0.27477518209534646,-1.557481138175287,-0.34286265960986184,-0.10337058718613372,1.5076892928022405,-0.5848092389891636,0.09739718734769584,0.05392206552135098,1.0546162770997052
352,0.7188423053987854,-0.24129082622615225,0.1895825894554427,-0.6221665205390207,-0.6227671304203906,-0.39491934784994637,1.045384907679037,0.5379415625179158,-0.4532133453224145,-0.9462367387416326
353,0.14158927292503776,0.04890692464019718,-0.3013955073026077,-0.6832165447858314,-0.2272549217031385,-0.7937717644919304,-0.5136499706822183,1.1361119067857377,-1.1291537922428418,-0.9462367387416326
354,0.7814360077152159,-2.3842896018545816,-0.3350715690674228,0.4782601665097418,1.846660604285237,-0.7981961640589207,0.2820400294772605,0.8451101176824732,1.0728112980854783,-0.9462367387416326
355,0.4962869193848101,-0.2859366340517446,-0.3083195573850931,0.19590380436824237,-0.14007705667265366,-0.7946618737974986,1.0647919808536583,0.6794007655542251,-1.1303401730184808,1.0546162770997052
356,-1.214607610597623,-2.233610000443208,-1.0356595455952562,-0.7473190702449826,2.470670585556075,-0.7982270397254575,-0.4942428975075968,-0.913025691483084,-1.3836324686174477,-0.9462367387416326
357,1.0944045192973686,0.43955774311412993,0.3274341320067417,-0.5901152578094451,1.782424282683827,-0.25305817727500257,-0.5265880194652992,1.4028635467970638,0.5668198972753643,-0.9462367387416326
358,0.447602928694253,-2.1498991107702223,-0.21547434036994895,-0.2283938641470918,0.8555859281491992,-0.7979664045944209,-0.8228693365978533,0.7279010637381026,0.22505749240730388,-0.9462367387416326
359,-0.07401125727600079,-0.3194209899209388,-0.031357554085680014,0.5087851786331472,-0.608543373494364,-0.7968509863708807,0.23028783434493677,0.7319427552534258,1.2440314664554053,1.0546162770997052
360,-0.2270180851606088,-1.5304385271901293,-0.2966745640645496,-0.7030578026660448,0.35546028139536523,-0.7865952582157861,-0.3454553365021658,-0.7594414139008054,-2.274011240734658,1.0546162770997052
361,-0.5260768851168873,-1.0783997229560076,-0.6255669429826027,-0.7763178317622176,-0.6447910121123025,-0.7301011332279997,-0.5007119218991373,-0.8564420102685604,1.7927749459305165,-0.9462367387416326
362,-0.011417554959570246,0.9195001772392467,0.041974430878823854,-0.4420689490109292,-0.5149418763037383,0.23372034920764762,0.5796151514881224,0.4207325085735457,-0.5490983344392534,1.0546162770997052
363,-0.046191834024253885,-0.5705536589398955,-0.02915444724125269,0.7071977574352818,-0.6996685604872555,-0.6319109504574995,0.3920134441334487,0.24289808189932827,0.22518460463326523,1.0546162770997052
364,0.45455778450718975,0.11029491040038661,0.32680467290833404,-0.7580028244881745,-0.6997814328809266,0.6175799872339661,-0.8306321658677017,0.48944126433403834,-0.09568902443514768,1.0546162770997052
365,0.1763635519897214,-0.018061787098191295,0.1939888031442971,-0.47564646234667507,-0.2965383828589448,-0.7148023795385451,-0.711602117063357,0.18631440068480454,0.09688599789628485,1.0546162770997052
366,0.2041829752414683,0.5734951665909063,0.6267419332996301,-0.6511652820562557,-0.6988871715180612,-0.7851766465100368,-0.7025454829152002,1.2331125031534926,-0.2005142401112675,1.0546162770997052
367,0.6701583147082283,1.1929557501709995,0.8332045175773746,1.531373084767226,-0.5998255869913157,-0.7969121813856385,-0.887559580513258,-1.2767779278621647,0.09819949089788503,1.0546162770997052
368,0.08595042642154394,0.534430084743513,0.5508921119414955,-0.2680763799075187,-0.6149670056545051,-0.7982501269355707,-0.19019875110519435,0.7238593722227795,0.01616973441083291,-0.9462367387416326
369,1.4282375983183309,-0.47010059133231286,-0.48173553899642996,-0.5565377444736992,1.8879553824575714,1.7274350276144088,-0.630092409729947,1.3099046419446319,0.6497394393441459,-0.9462367387416326
370,-0.45652832698752005,-0.6877489044820754,-0.3067459096390738,-0.5809577541724235,-0.2364315390747684,1.8442618739702443,0.48257978561501547,-0.6301072854104657,2.0573802296400427,-0.9462367387416326
371,-1.4858469873021554,1.103664134519815,0.655697051826387,-0.33065265476049965,-0.6978043306682089,1.50490770122234,-0.6242702877775606,-1.418237130898474,-1.489983031005103,1.0546162770997052
372,0.1276795612991643,-1.491373445342736,-1.187359188311526,-0.39933393203816164,1.9017203085150165,1.4770917854233312,-0.5201189950737588,-1.5487837668434108,-0.7483255632626626,-0.9462367387416326
373,-0.2826569316641026,1.1762135722364024,1.4642372637311507,-0.1337663265645352,-0.6918670592287643,-0.7982501269355707,1.1100751515944418,-1.119151958764563,-0.28025597653101597,-0.9462367387416326
374,1.0457205286068116,0.16052144420417797,0.43129488324402165,-0.3779664235517779,0.048043599445760934,-0.7982501269355707,-0.9108480683228036,1.8474496134826068,-0.15560125360492674,-0.9462367387416326
375,1.8385740912815978,-0.39755115361572535,0.7724617145810259,-0.4954877202268885,-0.6897564372332894,-0.7979580598196812,-0.4942428975075968,0.8855270328357044,-0.06950390588711153,-0.9462367387416326
376,1.2543662029949134,0.5734951665909063,0.8023610217553943,0.09822376557334546,-0.18596014353080353,-0.7982501269355707,0.5731461270965823,1.1320702152704145,-1.0003467366020156,-0.9462367387416326
377,0.3989189380036967,-0.6989103564384734,-0.056535918021990046,3.1491987273077084,0.05722021681739092,-0.7982404191809569,-0.3778004584598682,0.3156485291751445,2.6851451429211215,1.0546162770997052
378,-0.20615351772179863,1.3492160775605722,0.44231041746615746,4.003899066763059,-0.4874120241888483,-0.7982501269355707,4.2734280790577355,0.299481763113852,-0.40486832871511735,-0.9462367387416326
379,1.0387656727938748,-0.06828832090198265,-0.7092850030708344,1.7450481696310634,-0.4901650094003374,-0.7618112772388695,-0.7743516536612995,1.4149886213430332,1.6621035776422572,-0.9462367387416326
380,0.6145194682047345,-2.3508052459853874,-0.4766998662091679,-0.5336439853811452,2.874441749907794,-0.7982501269355707,-0.5007119218991373,0.44902434918080714,0.09904690573762774,1.0546162770997052
381,1.2335016355561033,-1.93225079762046,-0.9487941900149858,-0.12766132413985418,2.9386780715092042,0.8095098062471252,-0.7374782146295189,0.9986943952647515,-0.3915639157311639,-0.9462367387416326
382,0.48933206357187337,0.25539378583356165,-0.0722723954821842,-0.7015315520598745,-0.6374497182149985,-0.7982501269355707,-0.2484199706290587,0.4853995728187152,-0.9192915071806669,-0.9462367387416326
383,-0.4078443362969637,1.114825586476213,0.9405272938558972,-0.5366964865934857,-0.5828488448538002,0.773349115708414,-0.6378552389997956,-0.8685670848145297,-0.9608572050700254,-0.9462367387416326
384,0.48933206357187337,1.2878280918003826,1.936016857987765,0.058541249812918444,-0.6681455033231007,-0.7754410759803838,0.734871736885094,1.0916533001171833,-0.5345227991956858,-0.9462367387416326
385,0.14854412873797448,-0.3305824418773369,-0.6022769563415157,0.13943253193994257,0.5665224809428548,-0.7918246503859998,0.33379222460958435,0.6309004673703477,2.423802406344603,-0.9462367387416326
386,-0.4982574618651404,0.8860158213700524,0.3403380435241006,-0.6160615181143396,-0.4314346582219055,1.682929562335995,-0.7620605073173727,0.5702750946405009,2.261564835275944,1.0546162770997052
387,0.6701583147082283,0.12145636235678468,0.10051412703074525,-0.7167940581215771,-0.2364315390747684,-0.7982109064942942,0.6248983222289057,-0.40377256055237104,-0.11801840546235673,-0.9462367387416326
388,-0.3452506339805332,0.054487650618396215,-0.819125615742988,-0.5840102553847639,-0.5328362801784168,1.5716658991399606,-0.6760224829098843,-0.15722937811766072,-0.5358362921972866,1.0546162770997052
389,0.7953457193410894,1.3101509957131787,1.5791135491905666,1.302435493841686,0.03427867338831595,0.8484520883657372,-0.9431931902805061,1.8070326983293756,1.8294256377493703,1.0546162770997052
390,0.6492937472694181,-0.029223239054589373,0.27204173134685905,0.18674630073122095,0.5389926288279648,-0.7971263639372907,-0.009066068142060962,0.4409409661501609,0.22387111163166507,1.0546162770997052
391,-1.4580275640504083,-0.06270759492378361,0.839499108561452,0.2371125707348397,-0.5548601618703287,-0.7982501269355707,-0.8416295073333206,-0.2623133575160617,3.2718104364747003,-0.9462367387416326
392,0.5797451891400508,-0.17432211448776438,1.0056763105411,-0.12918757474602446,1.4291245138760729,-0.7982501269355707,1.3494290540814398,0.8087348940445651,-0.7893404415061883,1.0546162770997052
393,-0.48434775023926696,0.311201045615552,-0.06660726359651417,-0.6053777638711477,-0.6701184760580013,-0.7323264064919205,-0.956131239063587,-0.8564420102685604,-0.7093021098925305,1.0546162770997052
394,-0.4495734711745833,0.9585652590866399,-0.06251577945686378,-0.4329114453739075,-0.69954742913795,1.7274350276144088,-0.4295526535921921,0.6309004673703477,-0.06924968143518884,1.0546162770997052
395,0.8092554309669628,-0.4310355094849196,-0.49558363916140075,-0.3947551802196509,-0.6886552431486939,-0.6964438751111993,0.08796929773104613,0.42477420008886885,0.7348198892542709,1.0546162770997052
396,-0.4773928944263302,1.0255339708250284,0.1886384008078313,2.0350357848034144,-0.45988217207395843,-0.7981558309810122,0.7672168588427964,1.3543632486131862,-0.8518372859371817,1.0546162770997052
397,-0.33134092235465973,-1.792732648165484,-0.5050255256375169,2.8592111121353585,-0.6929223702265017,-0.7693215745046018,0.909535395456687,-0.01172848356602827,-0.7511220322338122,1.0546162770997052
398,0.2806863891837723,-0.7993634240460562,0.5776441236238251,3.0423611848757903,-0.6968591390789309,-0.7089610372207532,0.6701814929696892,0.9461524055655508,0.30992608860749354,1.0546162770997052
399,-1.2285173222234964,-0.7156525343730706,0.7167545843719395,2.538698484839602,-0.6995515586157673,-0.05278358352214073,-0.7607667024390645,0.7844847449526263,0.28941864948573004,1.0546162770997052
400,-0.560851164181571,0.41723483920133375,-0.1663765306941437,-0.36728266930858605,-0.5420128975500468,-0.3142531920328215,-0.455428751158354,0.9582774801115203,-1.9565272710252142,-0.9462367387416326
401,-1.3537047268563576,-0.32500171589913784,-0.1191670983135621,-0.7259515617585988,-0.6888846585829845,-0.7979135543544028,0.2691019806941797,-0.6947743496556357,2.147799393040544,1.0546162770997052
402,-1.3258853036046105,0.8636929174572563,0.7841067079015693,-0.3245476523358186,-0.424552195193183,-0.7982501269355707,-0.4748358243329755,0.7117342976768102,-1.6080702889231897,1.0546162770997052
403,-0.6443094339368117,-3.1600105128242473,-3.8071679558846108,-0.6099565156896585,3.792103487070792,1.6940559286555983,-0.5848092389891636,-1.2282776296782874,-0.10844261777326904,-0.9462367387416326
404,-2.056145163962966,0.8860158213700524,0.53421144583369,-0.509223975682421,-0.6742938369620929,0.773349115708414,1.8540129566215968,-1.7128764423655294,-0.029166959515379225,-0.9462367387416326
405,-0.5191220293039506,-0.6989103564384734,0.1719577347000258,-0.3978076814319914,2.282549929437661,-0.7981508241161682,-0.4230836292006516,-0.5371483805580338,-0.9637384155251489,1.0546162770997052
406,-1.7084023733161302,-0.45335841339771576,0.4004513874220416,-0.010140027464743632,-0.6080845426257826,-0.7980370570205504,-0.6954295560845057,1.1239868322397684,2.601759522690482,1.0546162770997052
407,0.6910228821470384,-1.2011756944763863,0.15810963453505497,-0.1139250686843218,-0.671586734837462,0.022319389135182357,1.232986615033711,-0.4643979332822176,0.05129507951815002,1.0546162770997052
408,1.4004181750665838,-1.5862457869721198,-0.8603551866886963,-0.2879176377877321,1.3740648096462929,0.8957391452240518,-0.6281517024124849,-0.8645253932992066,-0.15437250208730058,1.0546162770997052
409,0.4058737938166334,-0.029223239054589373,0.17069881650321012,-0.5458539902305073,-0.3603158735917732,-0.7982501269355707,0.5537390539219608,0.5015663388800077,0.2017535843143914,1.0546162770997052
410,-2.063100019775903,-0.05154614296738553,1.233855233713912,-0.3199689005173078,0.22698763819254555,-0.7979997836933798,0.5666771027050418,-0.16531276114830695,2.4100319151987915,1.0546162770997052
411,-1.0476910710871419,0.3223624975719501,0.9915134808269255,-0.25434012445198634,-0.15384198273009866,-0.7980312156782327,3.096065639797369,-0.9979012133048696,0.5748703382529159,1.0546162770997052
412,-2.1256937220923335,0.166102170182377,0.8823023272531796,-0.08340005656091642,-0.630567255186276,-0.7982501269355707,-0.5783402145976231,-0.48864808237415636,-0.2023785527587004,-0.9462367387416326
413,2.450601402820029,-0.6598452745910802,-0.2658310682425693,1.8366232060012795,-0.09419396981450373,0.7204988756902979,0.489048810006556,1.887866528635838,-0.049970993831052114,-0.9462367387416326
414,-1.66667323843851,0.037745472683799096,0.7589283439652591,-0.3749139223394374,-0.6840210513760207,1.5410683917610508,0.049155151381803396,-1.349528375137981,-0.5350312480995312,-0.9462367387416326
415,-0.14355981540536808,0.7520783978932755,0.6440520585058436,-0.5107502262885911,-0.6901235019281545,1.596700223359068,-0.8416295073333206,-0.7190244987475742,-0.5382514244905522,-0.9462367387416326
416,2.2836848633095475,0.7576591238714745,-0.18966651733523068,5.423312130501406,-0.6475439973237915,1.1182664716161204,-0.6702003609574979,-0.6583991260177275,0.22442193127749716,-0.9462367387416326
417,-1.1937430431588127,0.6181409744164985,-0.10122751400894091,-0.3520201632468834,-0.6830575065519995,1.226748543232254,0.28850905386880094,-0.9938595217895465,-0.5356244384873506,-0.9462367387416326
418,-0.8599099641378503,-1.1788527905635902,-0.8808126073869482,-0.2802863847568809,-0.29929136807043377,1.1405192042553274,2.999030273924262,-0.9615259896669615,0.2395906569088847,1.0546162770997052
419,0.7953457193410894,0.7967242057188678,0.25378741749303413,-0.44512145022326965,-0.3832574170208481,1.496562926482637,-0.7607667024390645,1.115903449209122,0.22637098540890468,-0.9462367387416326
420,0.677113170521165,-0.5203271251361042,0.3425411503685279,-0.67558529175498,0.2912239597939553,-0.7811711546349795,-0.5071809462906778,-0.7917749460233904,0.39526076296954005,1.0546162770997052
421,1.5325604355123816,0.8078856576752659,0.7444507847018809,-0.623692771145191,-0.5443070518929543,-0.19742634567698542,1.2523936882083324,1.3705300146744788,-0.7493000903283661,-0.9462367387416326
422,-1.4580275640504083,-1.7592482922962898,-0.9692516107132383,-0.3932289296134806,0.5435809375137799,-0.7982501269355707,0.6960575905358511,-0.9413175320903459,-2.1853292777556286,-0.9462367387416326
423,-1.416298429172788,1.3938618853861644,1.1674472988318936,-0.2680763799075187,-0.6997204083754052,-0.7743006234326244,1.207110517467549,-1.111068575733917,2.176018307203962,1.0546162770997052
424,0.33632523568726613,1.3882811594079654,1.0944300434165937,0.6614102392501738,-0.6997933624835097,1.2990699243096764,0.6313673466204462,-1.1353187248258556,0.13989230101320543,-0.9462367387416326
425,-0.762541982756736,1.0032110669122323,0.5455417096050295,-0.23602511717794317,-0.6992909426824129,-0.5776699146494327,1.1294822247690632,-0.7715664884467748,2.1755945997840898,1.0546162770997052
426,-1.8614092012007382,1.3771197074515673,0.8555503155708499,0.1043287679980265,-0.6986485794663988,-0.3865745731102438,-0.0025970437505204776,-0.977692755728254,2.174069253072554,-0.9462367387416326
427,-0.3174312107287863,0.9697267110430381,1.0176360334108472,-0.3047063944556051,-0.6995685353579048,-0.7807539158979944,-0.2937031413698421,-0.33910549630720105,0.14137527698275426,-0.9462367387416326
428,0.4754223519459999,-0.5817151108962937,-1.0510812935062466,-0.5229602311379533,2.443140733441186,1.2823803748302711,-0.64497116583049,-0.7028577326862819,-0.7500203929421468,-0.9462367387416326
429,-0.2270180851606088,-0.637522370678284,-0.15158424188156153,-0.5901152578094451,-0.3915163726553151,0.9513709768220691,-0.8041091658623858,-1.1029851927032708,0.7336335084786321,-0.9462367387416326
430,0.830119998405773,-0.8663321357844447,-0.6019622267923115,-0.4680152093158237,0.6720535807165994,-0.7963224839706995,-0.5395260682483802,0.1943977837154508,-0.11310339939185153,1.0546162770997052
431,-0.400889480484027,-1.7201832104488968,-0.5550675239609338,-0.5565377444736992,-0.38188092441510363,1.713527069714904,-0.7290684829205163,-1.7039847210318186,2.9348359254511838,-0.9462367387416326
432,1.372598751814837,1.0087917928904313,-0.03576376777453411,-0.14597633141389726,-0.599366756122734,1.3129778822091807,-1.011764848830835,0.48944126433403834,0.2245490435034585,1.0546162770997052
433,1.5742895703900022,-0.28035590807354555,0.4369600151296914,-0.43749019719241833,0.49310954196981494,-0.03609403404273556,-0.5783402145976231,1.8474496134826068,-0.41164764743305604,1.0546162770997052
434,0.09290528223448066,1.3938618853861644,0.5452269800558257,1.4245355423353074,-0.5410952358128838,-0.7980056250356976,0.5602080783135013,1.3584049401285094,0.26874172739601854,-0.9462367387416326
435,1.5603798587641287,0.9195001772392467,1.0538299315692934,0.3668438722593123,0.40593167693933,-0.7142460612225648,-0.9626002634551275,2.0454924977334397,0.18505951197146892,-0.9462367387416326
436,1.3378244727501534,0.964145985064839,0.5820503373126795,2.874473618197061,0.8280560760343092,-0.7974212126447603,0.7284027124935535,1.6049481225632196,0.14760377605486025,1.0546162770997052
437,0.9970365379162545,1.2208593800619942,0.7601872621620748,-0.38407142597645894,2.016428025660391,-0.7445654094434843,-0.48130484872451595,1.6615318037777431,0.055532153716861765,-0.9462367387416326
438,1.24045649136904,1.2934088177785816,0.917552036764014,1.7297856635693607,1.5117140702207426,-0.7897662726168732,0.8189690539751203,0.9623191716268433,-0.7059971920175354,-0.9462367387416326
439,1.3517341843760269,0.7744013018060717,0.8275393856917046,-0.5473802408366776,-0.4052812987127601,-0.08616268248095106,0.41142051730807017,1.1967372795155844,-0.13034829138060672,-0.9462367387416326
440,0.2041829752414683,-0.6542645486128812,-0.7319455306135134,-0.7564765738820042,-0.5823900139852186,1.4798733770032317,-0.591278263380704,0.9097771819276432,-1.3497782457697434,1.0546162770997052
441,0.14854412873797448,-0.03480396503278841,0.47000661779609854,-0.5550114938675289,-0.6615383388155273,-0.7982501269355707,-0.5136499706822183,0.4409409661501609,-2.0207613158776785,1.0546162770997052
442,0.7675262960893425,-0.4589391393759148,0.3686637029524499,0.9971853726076324,-0.4878708550574299,-0.798186428488391,-0.8552144585555556,0.772359670406657,2.003950723994292,-0.9462367387416326
443,0.753616584463469,-1.803894100121882,-0.7867084721749886,-0.7183203087277474,-0.3139739558650418,-0.7981505459570104,-0.5654021658145422,0.3681905188743451,-1.3837172101014217,-0.9462367387416326
444,1.9150775052239017,-0.1296763066621721,-0.24757675438874438,1.4703230605204152,-0.3038796767562488,-0.7982418934244943,3.1801629568873953,0.396482359481607,0.09739444680013024,-0.9462367387416326
445,-1.214607610597623,1.0143725188686303,-0.27149620012823933,-0.3520201632468834,-0.05289919164216892,-0.6104926952922628,-0.4166146048091111,0.9663608631421665,0.10451273145396503,1.0546162770997052
446,-0.5260768851168873,-1.0449153670868132,-0.2353023019697932,-0.6618490362994476,0.15357469921950564,-0.7975185683500569,0.15912856603799144,-0.2097713678168611,-1.5953166955850684,1.0546162770997052
447,-0.5538963083686342,-0.6207801927436869,-0.38070735370198505,-0.7167940581215771,-0.5562366544760732,1.2490012758714608,-0.6546747024178007,-1.4926042547804195,0.947987092191441,-0.9462367387416326
448,-0.6790837130014953,-0.16316066253136632,1.0251895425917403,-0.6191140193266801,-0.17678352615917356,-0.792241889122985,-0.61780126338602,-0.9413175320903459,-0.664728089322087,-0.9462367387416326
449,0.5797451891400508,0.8971772733264506,1.1447867712892144,-0.6710065399364692,-0.6803962875142269,-0.6928278060573283,-0.8992038244180308,0.43689927463483774,-0.7490458658764434,-0.9462367387416326
450,1.0387656727938748,-2.0048002353370475,-0.9044173235772388,0.3027413468001612,1.5988919352512274,-0.7868734173737764,-0.7122490195025111,0.90573549041232,-1.8420415261760326,1.0546162770997052
451,1.4977861564476982,-0.7491368902422648,-0.27999389795674406,1.1803354453480646,1.4933608354774826,-0.7904338545960494,-0.9632471658942817,1.750449017114852,-1.392318470724806,1.0546162770997052
452,0.19027326361559485,0.7409169459368774,0.44356933566297285,-0.6954265496351935,-0.48374137724019634,1.1377376126754264,-0.8189879219629289,-0.2421048999394461,-0.876624169999643,-0.9462367387416326
453,0.11376984967329085,0.7074325900676832,0.35670398008270243,0.4935226725714445,-0.6824610264228436,0.6509590861927764,0.19794271238723435,0.4086074340275763,0.18277149190416467,-0.9462367387416326
454,0.3502349473131396,-0.08503049883657976,-0.9868764654686552,-0.03913878898197869,0.9932351887236487,1.3797360801268013,0.6378363710119868,1.1522786728470302,-1.3338044760406018,1.0546162770997052
455,1.0735399518585584,-1.4188240076261487,-1.0535991298998773,-0.5107502262885911,-0.19054845221661854,1.6495504633771847,-0.6365614341214874,0.364148827359022,-0.7341737354389665,-0.9462367387416326
456,-0.5817157316203811,-0.47010059133231286,-1.0142579362493924,-0.36270391749007524,-0.6922341239236295,1.3936440380263055,0.10737637090566758,-1.3374033005920116,-0.1138237020056323,1.0546162770997052
457,-1.8753189128266117,-1.5081156232773332,-1.4177412183287648,-0.6969528002413637,-0.6974969139862592,1.365828122227297,0.980694663763632,-1.6862012783643967,3.105844240111175,1.0546162770997052
458,-1.5553955454315223,0.20516725202977026,-0.49558363916140075,-0.40391268385667245,-0.6869116858480842,1.2962883327297754,-0.7950525317142291,-1.4732041355068686,0.04858335203097503,-0.9462367387416326
459,1.2543662029949134,-1.4969541713209351,-0.4276020565333632,0.2935838431631395,1.0804130537541337,-0.7981897663982869,-0.6469118731479522,-1.0787350436113319,2.3464758022181207,1.0546162770997052
460,0.6423388914564814,-0.39755115361572535,-1.4105024386970757,-0.6404815278130639,0.9840585713520187,0.5508217893163454,1.1359512491606036,1.342238174067217,-0.7906115637658018,-0.9462367387416326
461,1.2960953378725337,0.4116541132231347,-0.8043333269304056,-0.5397489878058261,-0.5264126480182758,-0.7982452035184743,-0.778879970735378,1.6413233462011276,-0.2809762791447968,-0.9462367387416326
462,-2.320429684854562,-1.7146024844706977,-1.8287780095890305,-0.45580520446646156,1.4887725267916676,-0.5648745933818887,-0.7335967999945946,-1.3616534496839503,-1.3618962779780581,-0.9462367387416326
463,1.449102165757141,-0.3361631678555359,-0.3083195573850931,-0.2848651365753916,-0.31489161760220474,-0.7950791125344838,-0.7575321902432943,0.8774436498050582,-0.9541202570940746,-0.9462367387416326
464,1.0526753844197483,-0.7491368902422648,-0.83958303644124,-0.7412140678203015,-0.5062240898006898,0.9235550610230604,-0.7465348487776755,0.2469397734146514,-0.5397767712020883,-0.9462367387416326
465,0.8092554309669628,-0.207806470356958,-1.1240985489215463,-0.3855976765826293,-0.38233975528368513,0.6759934104118842,1.22004856625063,-0.18956291024024569,-0.40169052306608427,-0.9462367387416326
466,0.14158927292503776,-0.3082595379645407,-0.4877154004313037,-0.6481127808439152,-0.4796118994229629,1.6133897728384732,0.9677566149805514,0.29544007159852886,0.08663227833540312,1.0546162770997052
467,0.002492156666303209,1.0701797786506206,-0.1994231333605511,-0.3550726644592239,0.8097028412910492,1.596700223359068,-0.7743516536612995,-1.3010280769541036,0.009348044950907524,1.0546162770997052
468,-0.5956254432462545,0.6572060562638918,-1.090737216705935,0.3256351058927152,-0.6956202957337609,-0.760142322290929,4.765073932814812,0.4207325085735457,0.14463782411576195,-0.9462367387416326
469,-0.07401125727600079,-0.12409558068397304,-0.5569559012561571,0.8750853241140114,-0.6108375278372715,-0.7982501269355707,0.9030663710651466,0.07718872977108023,0.002738209200917512,1.0546162770997052
470,1.34477932856309,-0.018061787098191295,-0.645080175033243,1.0429728907927405,-0.5039299354577823,-0.7909345410804315,1.0712610052451987,0.950194097080874,0.033584109367536766,-0.9462367387416326
471,0.5101966310106836,0.17168289616057605,-0.520762003097711,-0.05440129504368137,-0.6837916359417299,1.7663773097330209,-0.6695534585183438,1.9404085183350388,0.05790491526814003,-0.9462367387416326
472,-0.03228212239838043,0.11587563637858565,-0.42665786788575155,0.04938374617589679,-0.681084533817099,-0.7883476609111237,-0.5848092389891636,0.8774436498050582,0.7708350199433175,-0.9462367387416326
473,0.2041829752414683,0.8357892875662611,-0.8008713018891632,2.1571358332970356,-0.6798915735587872,0.3505471955634836,0.9160044198482276,0.23481469886868203,0.10701260523120464,1.0546162770997052
474,1.7481609657134203,-1.3630167478441586,-1.8331842232778846,0.3500551155914393,1.319005105416513,1.204495810593047,-0.9470746049154305,-0.29464688963864666,-0.9628062592014328,-0.9462367387416326
475,0.315460668248456,0.13261781431318276,-1.4602297074712884,-0.40086018264433193,0.6215821851726345,1.4409310948846203,0.7542788100597154,-0.714982807232251,-0.11865396659216346,1.0546162770997052
476,-0.12965010377949462,-0.1799028404659628,-2.2281698075287526,-0.4680152093158237,1.4979491441632975,1.8414802823903438,-0.5718711902060827,-1.3616534496839503,-0.6688380512948369,-0.9462367387416326
477,-0.6164900106850648,-0.8998164916536383,-1.2298476774540494,-0.023876282920276003,-0.6786986133004752,1.4937813349027365,-0.7135428243808191,-0.977692755728254,-0.5504541981828408,1.0546162770997052
478,1.7412061099004836,-1.5750843350157218,-1.0658735823188286,-0.07424255292389477,-0.6937023827030903,-0.7159150161705053,-1.0551073122541563,2.0414508062181165,-0.20720881734523156,-0.9462367387416326
479,0.4754223519459999,-0.7658790681768619,-1.0435277843253532,3.4391863424800593,-0.6901693850150128,-0.7982501269355707,-0.09963240962362774,0.2267313158380358,0.18370364822788082,-0.9462367387416326
